# Blender 5.0.0
# www.blender.org
mtllib pressSpace.mtl
o テキスト
v -6.158167 0.320765 -0.109645
v -5.588167 0.320765 -0.109645
v -5.588167 0.232765 -0.109645
v -5.824167 0.232765 -0.109645
v -5.824167 -0.361235 -0.109645
v -5.922167 -0.361235 -0.109645
v -5.922167 0.232765 -0.109645
v -6.158167 0.232765 -0.109645
v -5.044167 0.320765 -0.109645
v -5.044167 -0.361235 -0.109645
v -5.142167 -0.361235 -0.109645
v -5.142167 -0.065235 -0.109645
v -5.183167 -0.065235 -0.109645
v -5.195513 -0.065630 -0.109645
v -5.207685 -0.067068 -0.109645
v -5.219886 -0.069922 -0.109645
v -5.232315 -0.074568 -0.109645
v -5.245175 -0.081380 -0.109645
v -5.258667 -0.090735 -0.109645
v -5.272992 -0.103005 -0.109645
v -5.288352 -0.118568 -0.109645
v -5.304948 -0.137797 -0.109645
v -5.322982 -0.161068 -0.109645
v -5.342654 -0.188755 -0.109645
v -5.364167 -0.221235 -0.109645
v -5.454167 -0.361235 -0.109645
v -5.571167 -0.361235 -0.109645
v -5.560018 -0.345821 -0.109645
v -5.549973 -0.331929 -0.109645
v -5.540886 -0.319328 -0.109645
v -5.532612 -0.307790 -0.109645
v -5.525004 -0.297085 -0.109645
v -5.517918 -0.286985 -0.109645
v -5.511206 -0.277259 -0.109645
v -5.504723 -0.267679 -0.109645
v -5.498323 -0.258016 -0.109645
v -5.491861 -0.248040 -0.109645
v -5.485191 -0.237523 -0.109645
v -5.478167 -0.226235 -0.109645
v -5.465436 -0.205443 -0.109645
v -5.453157 -0.185568 -0.109645
v -5.441198 -0.166610 -0.109645
v -5.429426 -0.148568 -0.109645
v -5.417710 -0.131443 -0.109645
v -5.405917 -0.115235 -0.109645
v -5.393916 -0.099943 -0.109645
v -5.381575 -0.085568 -0.109645
v -5.368761 -0.072110 -0.109645
v -5.355343 -0.059568 -0.109645
v -5.341189 -0.047943 -0.109645
v -5.326167 -0.037235 -0.109645
v -5.343745 -0.029365 -0.109645
v -5.359959 -0.020281 -0.109645
v -5.374776 -0.010016 -0.109645
v -5.388166 0.001395 -0.109645
v -5.400099 0.013917 -0.109645
v -5.410542 0.027515 -0.109645
v -5.419463 0.042156 -0.109645
v -5.426833 0.057802 -0.109645
v -5.432619 0.074422 -0.109645
v -5.436790 0.091978 -0.109645
v -5.439317 0.110438 -0.109645
v -5.440166 0.129765 -0.109645
v -5.438395 0.158312 -0.109645
v -5.433157 0.184886 -0.109645
v -5.424573 0.209390 -0.109645
v -5.412760 0.231728 -0.109645
v -5.397835 0.251803 -0.109645
v -5.379917 0.269515 -0.109645
v -5.359124 0.284770 -0.109645
v -5.335574 0.297469 -0.109645
v -5.309385 0.307515 -0.109645
v -5.280676 0.314812 -0.109645
v -5.249563 0.319261 -0.109645
v -5.216166 0.320765 -0.109645
v -5.142167 0.236765 -0.109645
v -5.205167 0.236765 -0.109645
v -5.227741 0.235961 -0.109645
v -5.248010 0.233580 -0.109645
v -5.266042 0.229672 -0.109645
v -5.281907 0.224284 -0.109645
v -5.295675 0.217466 -0.109645
v -5.307416 0.209265 -0.109645
v -5.317199 0.199732 -0.109645
v -5.325092 0.188914 -0.109645
v -5.331166 0.176859 -0.109645
v -5.335490 0.163617 -0.109645
v -5.338134 0.149236 -0.109645
v -5.339167 0.133765 -0.109645
v -5.338745 0.119607 -0.109645
v -5.336880 0.105752 -0.109645
v -5.333417 0.092375 -0.109645
v -5.328204 0.079654 -0.109645
v -5.321089 0.067767 -0.109645
v -5.311917 0.056890 -0.109645
v -5.300538 0.047201 -0.109645
v -5.286798 0.038877 -0.109645
v -5.270543 0.032094 -0.109645
v -5.251622 0.027029 -0.109645
v -5.229881 0.023861 -0.109645
v -5.205167 0.022765 -0.109645
v -5.142167 0.022765 -0.109645
v -4.662168 0.324765 -0.109645
v -4.593167 0.324765 -0.109645
v -4.300167 -0.361235 -0.109645
v -4.400167 -0.361235 -0.109645
v -4.486167 -0.160235 -0.109645
v -4.776167 -0.160235 -0.109645
v -4.867167 -0.361235 -0.109645
v -4.967167 -0.361235 -0.109645
v -4.626167 0.174765 -0.109645
v -4.736167 -0.072235 -0.109645
v -4.524167 -0.072235 -0.109645
v -4.283167 0.320765 -0.109645
v -3.713167 0.320765 -0.109645
v -3.713167 0.232765 -0.109645
v -3.949167 0.232765 -0.109645
v -3.949167 -0.361235 -0.109645
v -4.047167 -0.361235 -0.109645
v -4.047167 0.232765 -0.109645
v -4.283167 0.232765 -0.109645
v -3.637167 0.281765 -0.109645
v -3.625086 0.289432 -0.109645
v -3.612852 0.296432 -0.109645
v -3.600479 0.302765 -0.109645
v -3.587981 0.308432 -0.109645
v -3.575372 0.313432 -0.109645
v -3.562666 0.317765 -0.109645
v -3.549877 0.321432 -0.109645
v -3.537018 0.324432 -0.109645
v -3.524104 0.326766 -0.109645
v -3.511148 0.328432 -0.109645
v -3.498164 0.329432 -0.109645
v -3.485167 0.329765 -0.109645
v -3.454835 0.328304 -0.109645
v -3.426431 0.323992 -0.109645
v -3.400089 0.316937 -0.109645
v -3.375945 0.307247 -0.109645
v -3.354134 0.295029 -0.109645
v -3.334792 0.280390 -0.109645
v -3.318054 0.263440 -0.109645
v -3.304055 0.244284 -0.109645
v -3.292932 0.223031 -0.109645
v -3.284819 0.199789 -0.109645
v -3.279852 0.174664 -0.109645
v -3.278167 0.147765 -0.109645
v -3.283971 0.104407 -0.109645
v -3.300019 0.067145 -0.109645
v -3.324261 0.034953 -0.109645
v -3.354649 0.006802 -0.109645
v -3.389133 -0.018334 -0.109645
v -3.425667 -0.041485 -0.109645
v -3.462200 -0.063677 -0.109645
v -3.496685 -0.085938 -0.109645
v -3.527073 -0.109297 -0.109645
v -3.551315 -0.134781 -0.109645
v -3.567362 -0.163418 -0.109645
v -3.573167 -0.196235 -0.109645
v -3.572434 -0.205909 -0.109645
v -3.570223 -0.215799 -0.109645
v -3.566511 -0.225703 -0.109645
v -3.561278 -0.235420 -0.109645
v -3.554504 -0.244747 -0.109645
v -3.546167 -0.253485 -0.109645
v -3.536247 -0.261430 -0.109645
v -3.524723 -0.268383 -0.109645
v -3.511573 -0.274141 -0.109645
v -3.496778 -0.278503 -0.109645
v -3.480316 -0.281268 -0.109645
v -3.462167 -0.282235 -0.109645
v -3.445505 -0.281509 -0.109645
v -3.429041 -0.279346 -0.109645
v -3.412807 -0.275766 -0.109645
v -3.396833 -0.270790 -0.109645
v -3.381151 -0.264439 -0.109645
v -3.365791 -0.256735 -0.109645
v -3.350786 -0.247696 -0.109645
v -3.336166 -0.237346 -0.109645
v -3.321963 -0.225703 -0.109645
v -3.308208 -0.212790 -0.109645
v -3.294932 -0.198627 -0.109645
v -3.282167 -0.183235 -0.109645
v -3.282167 -0.307235 -0.109645
v -3.296486 -0.317507 -0.109645
v -3.310968 -0.326832 -0.109645
v -3.325651 -0.335219 -0.109645
v -3.340574 -0.342679 -0.109645
v -3.355775 -0.349222 -0.109645
v -3.371292 -0.354860 -0.109645
v -3.387163 -0.359601 -0.109645
v -3.403426 -0.363457 -0.109645
v -3.420120 -0.366438 -0.109645
v -3.437283 -0.368554 -0.109645
v -3.454953 -0.369816 -0.109645
v -3.473167 -0.370235 -0.109645
v -3.500033 -0.368638 -0.109645
v -3.525510 -0.363961 -0.109645
v -3.549417 -0.356375 -0.109645
v -3.571574 -0.346049 -0.109645
v -3.591801 -0.333154 -0.109645
v -3.609917 -0.317860 -0.109645
v -3.625741 -0.300336 -0.109645
v -3.639092 -0.280753 -0.109645
v -3.649792 -0.259281 -0.109645
v -3.657658 -0.236091 -0.109645
v -3.662509 -0.211352 -0.109645
v -3.664166 -0.185235 -0.109645
v -3.658362 -0.135343 -0.109645
v -3.642315 -0.093355 -0.109645
v -3.618073 -0.058047 -0.109645
v -3.587686 -0.028198 -0.109645
v -3.553201 -0.002584 -0.109645
v -3.516667 0.020015 -0.109645
v -3.480134 0.040823 -0.109645
v -3.445649 0.061062 -0.109645
v -3.415261 0.081953 -0.109645
v -3.391019 0.104719 -0.109645
v -3.374972 0.130583 -0.109645
v -3.369167 0.160765 -0.109645
v -3.370089 0.172443 -0.109645
v -3.372792 0.183432 -0.109645
v -3.377182 0.193672 -0.109645
v -3.383167 0.203099 -0.109645
v -3.390651 0.211651 -0.109645
v -3.399542 0.219265 -0.109645
v -3.409745 0.225880 -0.109645
v -3.421166 0.231432 -0.109645
v -3.433713 0.235859 -0.109645
v -3.447291 0.239099 -0.109645
v -3.461807 0.241088 -0.109645
v -3.477167 0.241765 -0.109645
v -3.488870 0.241419 -0.109645
v -3.500963 0.240326 -0.109645
v -3.513416 0.238406 -0.109645
v -3.526203 0.235580 -0.109645
v -3.539296 0.231768 -0.109645
v -3.552666 0.226890 -0.109645
v -3.566287 0.220867 -0.109645
v -3.580129 0.213617 -0.109645
v -3.594166 0.205062 -0.109645
v -3.608370 0.195122 -0.109645
v -3.622712 0.183716 -0.109645
v -3.637167 0.170765 -0.109645
v -2.182167 -0.020235 -0.109645
v -2.185071 -0.065984 -0.109645
v -2.193644 -0.110397 -0.109645
v -2.207683 -0.152969 -0.109645
v -2.226982 -0.193198 -0.109645
v -2.251337 -0.230579 -0.109645
v -2.280542 -0.264610 -0.109645
v -2.314393 -0.294786 -0.109645
v -2.352685 -0.320605 -0.109645
v -2.395214 -0.341563 -0.109645
v -2.441773 -0.357156 -0.109645
v -2.492159 -0.366881 -0.109645
v -2.546167 -0.370235 -0.109645
v -2.601954 -0.366862 -0.109645
v -2.653709 -0.357086 -0.109645
v -2.701277 -0.341422 -0.109645
v -2.744501 -0.320383 -0.109645
v -2.783225 -0.294482 -0.109645
v -2.817292 -0.264235 -0.109645
v -2.846548 -0.230154 -0.109645
v -2.870834 -0.192753 -0.109645
v -2.889995 -0.152547 -0.109645
v -2.903875 -0.110049 -0.109645
v -2.912318 -0.065774 -0.109645
v -2.915167 -0.020235 -0.109645
v -2.912243 0.026565 -0.109645
v -2.903607 0.071664 -0.109645
v -2.889464 0.114609 -0.109645
v -2.870019 0.154951 -0.109645
v -2.845477 0.192236 -0.109645
v -2.816042 0.226015 -0.109645
v -2.781920 0.255836 -0.109645
v -2.743315 0.281247 -0.109645
v -2.700433 0.301797 -0.109645
v -2.653477 0.317034 -0.109645
v -2.602654 0.326507 -0.109645
v -2.548167 0.329765 -0.109645
v -2.494540 0.326488 -0.109645
v -2.444320 0.316965 -0.109645
v -2.397745 0.301656 -0.109645
v -2.355056 0.281025 -0.109645
v -2.316492 0.255532 -0.109645
v -2.282292 0.225640 -0.109645
v -2.252697 0.191811 -0.109645
v -2.227945 0.154506 -0.109645
v -2.208276 0.114187 -0.109645
v -2.193931 0.071316 -0.109645
v -2.185148 0.026355 -0.109645
v -2.283167 -0.020235 -0.109645
v -2.285478 0.016392 -0.109645
v -2.292241 0.051108 -0.109645
v -2.303198 0.083672 -0.109645
v -2.318092 0.113840 -0.109645
v -2.336668 0.141368 -0.109645
v -2.358666 0.166015 -0.109645
v -2.383832 0.187537 -0.109645
v -2.411907 0.205691 -0.109645
v -2.442635 0.220234 -0.109645
v -2.475759 0.230923 -0.109645
v -2.511022 0.237514 -0.109645
v -2.548167 0.239765 -0.109645
v -2.585542 0.237514 -0.109645
v -2.620996 0.230923 -0.109645
v -2.654277 0.220234 -0.109645
v -2.685131 0.205691 -0.109645
v -2.713304 0.187537 -0.109645
v -2.738543 0.166015 -0.109645
v -2.760594 0.141368 -0.109645
v -2.779204 0.113840 -0.109645
v -2.794120 0.083672 -0.109645
v -2.805089 0.051108 -0.109645
v -2.811855 0.016392 -0.109645
v -2.814167 -0.020235 -0.109645
v -2.811855 -0.056651 -0.109645
v -2.805089 -0.091230 -0.109645
v -2.794120 -0.123719 -0.109645
v -2.779204 -0.153864 -0.109645
v -2.760594 -0.181412 -0.109645
v -2.738543 -0.206109 -0.109645
v -2.713304 -0.227703 -0.109645
v -2.685131 -0.245938 -0.109645
v -2.654277 -0.260563 -0.109645
v -2.620996 -0.271322 -0.109645
v -2.585542 -0.277964 -0.109645
v -2.548167 -0.280235 -0.109645
v -2.511023 -0.277964 -0.109645
v -2.475760 -0.271323 -0.109645
v -2.442636 -0.260563 -0.109645
v -2.411908 -0.245938 -0.109645
v -2.383833 -0.227703 -0.109645
v -2.358667 -0.206110 -0.109645
v -2.336668 -0.181412 -0.109645
v -2.318093 -0.153864 -0.109645
v -2.303199 -0.123719 -0.109645
v -2.292242 -0.091230 -0.109645
v -2.285479 -0.056651 -0.109645
v -2.120167 0.320765 -0.109645
v -1.550167 0.320765 -0.109645
v -1.550167 0.232765 -0.109645
v -1.786167 0.232765 -0.109645
v -1.786167 -0.361235 -0.109645
v -1.884167 -0.361235 -0.109645
v -1.884167 0.232765 -0.109645
v -2.120167 0.232765 -0.109645
v -1.217167 0.320765 -0.109645
v -0.830167 0.320765 -0.109645
v -0.830167 -0.361235 -0.109645
v -1.226167 -0.361235 -0.109645
v -1.226167 -0.273235 -0.109645
v -0.928167 -0.273235 -0.109645
v -0.928167 -0.061235 -0.109645
v -1.207167 -0.061235 -0.109645
v -1.207167 0.026765 -0.109645
v -0.928167 0.026765 -0.109645
v -0.928167 0.232765 -0.109645
v -1.217167 0.232765 -0.109645
v -0.703167 0.273765 -0.109645
v -0.680363 0.283060 -0.109645
v -0.658403 0.291455 -0.109645
v -0.637214 0.298969 -0.109645
v -0.616723 0.305617 -0.109645
v -0.596856 0.311419 -0.109645
v -0.577542 0.316390 -0.109644
v -0.558707 0.320550 -0.109644
v -0.540278 0.323914 -0.109644
v -0.522182 0.326500 -0.109644
v -0.504347 0.328326 -0.109644
v -0.486700 0.329408 -0.109644
v -0.469167 0.329765 -0.109644
v -0.416223 0.326654 -0.109644
v -0.366116 0.317543 -0.109644
v -0.319182 0.302765 -0.109644
v -0.275759 0.282654 -0.109644
v -0.236183 0.257543 -0.109644
v -0.200791 0.227765 -0.109644
v -0.169920 0.193654 -0.109644
v -0.143907 0.155543 -0.109644
v -0.123088 0.113765 -0.109644
v -0.107801 0.068654 -0.109644
v -0.098382 0.020543 -0.109644
v -0.095167 -0.030235 -0.109644
v -0.097518 -0.066964 -0.109644
v -0.104648 -0.105073 -0.109644
v -0.116667 -0.143688 -0.109644
v -0.133685 -0.181938 -0.109644
v -0.155815 -0.218953 -0.109645
v -0.183167 -0.253860 -0.109645
v -0.215852 -0.285787 -0.109645
v -0.253982 -0.313864 -0.109645
v -0.297667 -0.337219 -0.109645
v -0.347018 -0.354980 -0.109645
v -0.402148 -0.366276 -0.109645
v -0.463167 -0.370235 -0.109645
v -0.489224 -0.369722 -0.109645
v -0.513963 -0.368221 -0.109645
v -0.537479 -0.365781 -0.109645
v -0.559870 -0.362457 -0.109645
v -0.581234 -0.358299 -0.109645
v -0.601666 -0.353360 -0.109645
v -0.621266 -0.347691 -0.109645
v -0.640130 -0.341346 -0.109645
v -0.658354 -0.334375 -0.109645
v -0.676037 -0.326832 -0.109645
v -0.693276 -0.318768 -0.109645
v -0.710167 -0.310235 -0.109645
v -0.710167 -0.203235 -0.109645
v -0.690779 -0.215253 -0.109645
v -0.671148 -0.226299 -0.109645
v -0.651323 -0.236360 -0.109645
v -0.631352 -0.245420 -0.109645
v -0.611284 -0.253466 -0.109645
v -0.591167 -0.260485 -0.109645
v -0.571050 -0.266461 -0.109645
v -0.550982 -0.271383 -0.109645
v -0.531011 -0.275235 -0.109645
v -0.511186 -0.278003 -0.109645
v -0.491555 -0.279674 -0.109645
v -0.472167 -0.280235 -0.109645
v -0.432285 -0.278060 -0.109645
v -0.394778 -0.271674 -0.109645
v -0.359854 -0.261281 -0.109645
v -0.327722 -0.247086 -0.109645
v -0.298590 -0.229294 -0.109645
v -0.272666 -0.208110 -0.109645
v -0.250160 -0.183737 -0.109645
v -0.231278 -0.156383 -0.109645
v -0.216229 -0.126250 -0.109644
v -0.205223 -0.093545 -0.109644
v -0.198466 -0.058471 -0.109644
v -0.196167 -0.021235 -0.109644
v -0.198540 0.015411 -0.109644
v -0.205482 0.050182 -0.109645
v -0.216730 0.082828 -0.109645
v -0.232019 0.113099 -0.109645
v -0.251086 0.140745 -0.109644
v -0.273667 0.165516 -0.109644
v -0.299499 0.187161 -0.109644
v -0.328316 0.205432 -0.109644
v -0.359855 0.220078 -0.109644
v -0.393853 0.230849 -0.109644
v -0.430045 0.237495 -0.109644
v -0.468167 0.239765 -0.109644
v -0.487782 0.239304 -0.109644
v -0.507172 0.237909 -0.109645
v -0.526402 0.235562 -0.109645
v -0.545537 0.232247 -0.109645
v -0.564646 0.227945 -0.109645
v -0.583792 0.222640 -0.109645
v -0.603043 0.216315 -0.109645
v -0.622463 0.208951 -0.109645
v -0.642120 0.200531 -0.109645
v -0.662079 0.191039 -0.109645
v -0.682406 0.180456 -0.109645
v -0.703167 0.168765 -0.109645
v 0.257833 0.324765 -0.109644
v 0.326833 0.324765 -0.109644
v 0.619833 -0.361235 -0.109644
v 0.519833 -0.361235 -0.109644
v 0.433833 -0.160235 -0.109644
v 0.143833 -0.160235 -0.109644
v 0.052833 -0.361235 -0.109644
v -0.047167 -0.361235 -0.109645
v 0.293833 0.174765 -0.109644
v 0.183833 -0.072235 -0.109644
v 0.395833 -0.072235 -0.109644
v 1.059833 0.320765 -0.109644
v 1.059833 -0.361235 -0.109644
v 0.961833 -0.361235 -0.109644
v 0.961833 -0.066235 -0.109644
v 0.859833 -0.066235 -0.109644
v 0.822117 -0.064520 -0.109644
v 0.787935 -0.059517 -0.109644
v 0.757239 -0.051438 -0.109644
v 0.729981 -0.040494 -0.109644
v 0.706112 -0.026897 -0.109644
v 0.685583 -0.010860 -0.109644
v 0.668345 0.007407 -0.109644
v 0.654351 0.027691 -0.109644
v 0.643551 0.049781 -0.109644
v 0.635898 0.073465 -0.109644
v 0.631341 0.098530 -0.109644
v 0.629833 0.124765 -0.109644
v 0.631257 0.151309 -0.109644
v 0.635560 0.176784 -0.109644
v 0.642786 0.200953 -0.109644
v 0.652981 0.223580 -0.109644
v 0.666190 0.244430 -0.109644
v 0.682458 0.263265 -0.109644
v 0.701830 0.279851 -0.109644
v 0.724352 0.293951 -0.109644
v 0.750068 0.305328 -0.109644
v 0.779023 0.313747 -0.109644
v 0.811263 0.318971 -0.109644
v 0.846833 0.320765 -0.109644
v 0.961833 0.232765 -0.109644
v 0.846833 0.232765 -0.109644
v 0.825854 0.231674 -0.109644
v 0.807338 0.228534 -0.109644
v 0.791161 0.223547 -0.109644
v 0.777204 0.216914 -0.109644
v 0.765343 0.208836 -0.109644
v 0.755458 0.199515 -0.109644
v 0.747427 0.189153 -0.109644
v 0.741129 0.177951 -0.109644
v 0.736443 0.166109 -0.109644
v 0.733245 0.153830 -0.109644
v 0.731416 0.141315 -0.109644
v 0.730833 0.128765 -0.109644
v 0.731800 0.112375 -0.109644
v 0.734653 0.097228 -0.109644
v 0.739317 0.083359 -0.109644
v 0.745722 0.070802 -0.109644
v 0.753793 0.059593 -0.109644
v 0.763458 0.049765 -0.109644
v 0.774644 0.041355 -0.109644
v 0.787277 0.034395 -0.109644
v 0.801286 0.028922 -0.109644
v 0.816597 0.024969 -0.109644
v 0.833137 0.022572 -0.109644
v 0.850833 0.021765 -0.109644
v 0.961833 0.021765 -0.109644
v 1.188833 0.281765 -0.109644
v 1.200914 0.289432 -0.109644
v 1.213148 0.296432 -0.109644
v 1.225520 0.302765 -0.109644
v 1.238018 0.308432 -0.109644
v 1.250627 0.313432 -0.109644
v 1.263333 0.317765 -0.109644
v 1.276122 0.321432 -0.109644
v 1.288981 0.324432 -0.109644
v 1.301895 0.326766 -0.109644
v 1.314852 0.328432 -0.109644
v 1.327835 0.329432 -0.109644
v 1.340833 0.329765 -0.109644
v 1.371164 0.328304 -0.109644
v 1.399569 0.323992 -0.109644
v 1.425911 0.316937 -0.109644
v 1.450055 0.307247 -0.109644
v 1.471866 0.295029 -0.109644
v 1.491208 0.280390 -0.109644
v 1.507946 0.263440 -0.109644
v 1.521944 0.244284 -0.109644
v 1.533067 0.223031 -0.109644
v 1.541180 0.199789 -0.109644
v 1.546147 0.174664 -0.109644
v 1.547833 0.147765 -0.109644
v 1.542028 0.104407 -0.109644
v 1.525981 0.067145 -0.109644
v 1.501740 0.034953 -0.109644
v 1.471352 0.006802 -0.109644
v 1.436867 -0.018334 -0.109644
v 1.400333 -0.041485 -0.109644
v 1.363800 -0.063677 -0.109644
v 1.329315 -0.085938 -0.109644
v 1.298927 -0.109297 -0.109644
v 1.274685 -0.134781 -0.109644
v 1.258637 -0.163418 -0.109644
v 1.252833 -0.196235 -0.109644
v 1.253566 -0.205909 -0.109644
v 1.255777 -0.215799 -0.109644
v 1.259489 -0.225703 -0.109644
v 1.264722 -0.235420 -0.109644
v 1.271496 -0.244747 -0.109644
v 1.279833 -0.253485 -0.109644
v 1.289753 -0.261430 -0.109644
v 1.301277 -0.268383 -0.109644
v 1.314426 -0.274141 -0.109644
v 1.329222 -0.278503 -0.109644
v 1.345683 -0.281268 -0.109644
v 1.363833 -0.282235 -0.109644
v 1.380494 -0.281509 -0.109644
v 1.396958 -0.279346 -0.109644
v 1.413192 -0.275766 -0.109644
v 1.429166 -0.270790 -0.109644
v 1.444849 -0.264439 -0.109644
v 1.460208 -0.256735 -0.109644
v 1.475213 -0.247696 -0.109644
v 1.489833 -0.237346 -0.109644
v 1.504036 -0.225703 -0.109644
v 1.517791 -0.212790 -0.109644
v 1.531067 -0.198627 -0.109644
v 1.543833 -0.183235 -0.109644
v 1.543833 -0.307235 -0.109644
v 1.529514 -0.317507 -0.109644
v 1.515032 -0.326832 -0.109644
v 1.500349 -0.335219 -0.109644
v 1.485425 -0.342679 -0.109644
v 1.470224 -0.349222 -0.109644
v 1.454708 -0.354860 -0.109644
v 1.438837 -0.359601 -0.109644
v 1.422574 -0.363457 -0.109644
v 1.405880 -0.366438 -0.109644
v 1.388717 -0.368554 -0.109644
v 1.371047 -0.369816 -0.109644
v 1.352833 -0.370235 -0.109644
v 1.325967 -0.368638 -0.109644
v 1.300490 -0.363961 -0.109644
v 1.276583 -0.356375 -0.109644
v 1.254425 -0.346049 -0.109644
v 1.234199 -0.333154 -0.109644
v 1.216083 -0.317860 -0.109644
v 1.200258 -0.300336 -0.109644
v 1.186907 -0.280753 -0.109644
v 1.176208 -0.259281 -0.109644
v 1.168342 -0.236091 -0.109644
v 1.163490 -0.211352 -0.109644
v 1.161833 -0.185235 -0.109644
v 1.167637 -0.135343 -0.109644
v 1.183684 -0.093355 -0.109644
v 1.207927 -0.058047 -0.109644
v 1.238314 -0.028198 -0.109644
v 1.272799 -0.002584 -0.109644
v 1.309333 0.020015 -0.109644
v 1.345866 0.040823 -0.109644
v 1.380351 0.061062 -0.109644
v 1.410739 0.081953 -0.109644
v 1.434980 0.104719 -0.109644
v 1.451028 0.130583 -0.109644
v 1.456833 0.160765 -0.109644
v 1.455911 0.172443 -0.109644
v 1.453208 0.183432 -0.109644
v 1.448817 0.193672 -0.109644
v 1.442833 0.203099 -0.109644
v 1.435349 0.211651 -0.109644
v 1.426457 0.219265 -0.109644
v 1.416255 0.225880 -0.109644
v 1.404833 0.231432 -0.109644
v 1.392286 0.235859 -0.109644
v 1.378708 0.239099 -0.109644
v 1.364192 0.241088 -0.109644
v 1.348833 0.241765 -0.109644
v 1.337129 0.241419 -0.109644
v 1.325037 0.240326 -0.109644
v 1.312583 0.238406 -0.109644
v 1.299796 0.235580 -0.109644
v 1.286703 0.231768 -0.109644
v 1.273333 0.226890 -0.109644
v 1.259712 0.220867 -0.109644
v 1.245870 0.213617 -0.109644
v 1.231833 0.205062 -0.109644
v 1.217629 0.195122 -0.109644
v 1.203286 0.183716 -0.109644
v 1.188833 0.170765 -0.109644
v 1.924833 0.281765 -0.109644
v 1.936914 0.289432 -0.109644
v 1.949148 0.296432 -0.109644
v 1.961520 0.302765 -0.109644
v 1.974018 0.308432 -0.109644
v 1.986627 0.313432 -0.109644
v 1.999333 0.317765 -0.109644
v 2.012122 0.321432 -0.109644
v 2.024981 0.324432 -0.109644
v 2.037895 0.326766 -0.109644
v 2.050852 0.328432 -0.109644
v 2.063835 0.329432 -0.109644
v 2.076833 0.329765 -0.109644
v 2.107164 0.328304 -0.109644
v 2.135569 0.323992 -0.109644
v 2.161911 0.316937 -0.109644
v 2.186055 0.307247 -0.109644
v 2.207866 0.295029 -0.109644
v 2.227208 0.280390 -0.109644
v 2.243946 0.263440 -0.109644
v 2.257944 0.244284 -0.109644
v 2.269067 0.223031 -0.109644
v 2.277180 0.199789 -0.109644
v 2.282147 0.174664 -0.109644
v 2.283833 0.147765 -0.109644
v 2.278028 0.104407 -0.109644
v 2.261981 0.067145 -0.109644
v 2.237740 0.034953 -0.109644
v 2.207352 0.006802 -0.109644
v 2.172867 -0.018334 -0.109644
v 2.136333 -0.041485 -0.109644
v 2.099800 -0.063677 -0.109644
v 2.065315 -0.085938 -0.109644
v 2.034927 -0.109297 -0.109644
v 2.010685 -0.134781 -0.109644
v 1.994637 -0.163418 -0.109644
v 1.988833 -0.196235 -0.109644
v 1.989566 -0.205909 -0.109644
v 1.991777 -0.215799 -0.109644
v 1.995489 -0.225703 -0.109644
v 2.000722 -0.235420 -0.109644
v 2.007496 -0.244747 -0.109644
v 2.015833 -0.253485 -0.109644
v 2.025753 -0.261430 -0.109644
v 2.037277 -0.268383 -0.109644
v 2.050426 -0.274141 -0.109644
v 2.065222 -0.278503 -0.109644
v 2.081683 -0.281268 -0.109644
v 2.099833 -0.282235 -0.109644
v 2.116494 -0.281509 -0.109644
v 2.132958 -0.279346 -0.109644
v 2.149192 -0.275766 -0.109644
v 2.165166 -0.270790 -0.109644
v 2.180849 -0.264439 -0.109644
v 2.196208 -0.256735 -0.109644
v 2.211213 -0.247696 -0.109644
v 2.225833 -0.237346 -0.109644
v 2.240036 -0.225703 -0.109644
v 2.253791 -0.212790 -0.109644
v 2.267067 -0.198627 -0.109644
v 2.279833 -0.183235 -0.109644
v 2.279833 -0.307235 -0.109644
v 2.265514 -0.317507 -0.109644
v 2.251032 -0.326832 -0.109644
v 2.236349 -0.335219 -0.109644
v 2.221426 -0.342679 -0.109644
v 2.206224 -0.349222 -0.109644
v 2.190708 -0.354860 -0.109644
v 2.174837 -0.359601 -0.109644
v 2.158574 -0.363457 -0.109644
v 2.141880 -0.366438 -0.109644
v 2.124717 -0.368554 -0.109644
v 2.107048 -0.369816 -0.109644
v 2.088833 -0.370235 -0.109644
v 2.061967 -0.368638 -0.109644
v 2.036490 -0.363961 -0.109644
v 2.012583 -0.356375 -0.109644
v 1.990425 -0.346049 -0.109644
v 1.970199 -0.333154 -0.109644
v 1.952083 -0.317860 -0.109644
v 1.936258 -0.300336 -0.109644
v 1.922907 -0.280753 -0.109644
v 1.912208 -0.259281 -0.109644
v 1.904342 -0.236091 -0.109644
v 1.899490 -0.211352 -0.109644
v 1.897833 -0.185235 -0.109644
v 1.903637 -0.135343 -0.109644
v 1.919684 -0.093355 -0.109644
v 1.943927 -0.058047 -0.109644
v 1.974314 -0.028198 -0.109644
v 2.008799 -0.002584 -0.109644
v 2.045333 0.020015 -0.109644
v 2.081866 0.040823 -0.109644
v 2.116351 0.061062 -0.109644
v 2.146739 0.081953 -0.109644
v 2.170980 0.104719 -0.109644
v 2.187028 0.130583 -0.109644
v 2.192833 0.160765 -0.109644
v 2.191911 0.172443 -0.109644
v 2.189208 0.183432 -0.109644
v 2.184817 0.193672 -0.109644
v 2.178833 0.203099 -0.109644
v 2.171349 0.211651 -0.109644
v 2.162457 0.219265 -0.109644
v 2.152255 0.225880 -0.109644
v 2.140833 0.231432 -0.109644
v 2.128286 0.235859 -0.109644
v 2.114708 0.239099 -0.109644
v 2.100192 0.241088 -0.109644
v 2.084833 0.241765 -0.109644
v 2.073129 0.241419 -0.109644
v 2.061037 0.240326 -0.109644
v 2.048583 0.238406 -0.109644
v 2.035796 0.235580 -0.109644
v 2.022703 0.231768 -0.109644
v 2.009333 0.226890 -0.109644
v 1.995712 0.220867 -0.109644
v 1.981870 0.213617 -0.109644
v 1.967833 0.205062 -0.109644
v 1.953629 0.195122 -0.109644
v 1.939286 0.183716 -0.109644
v 1.924833 0.170765 -0.109644
v 2.382833 0.281765 -0.109644
v 2.394914 0.289432 -0.109644
v 2.407147 0.296432 -0.109644
v 2.419520 0.302765 -0.109644
v 2.432018 0.308432 -0.109644
v 2.444627 0.313432 -0.109644
v 2.457333 0.317765 -0.109644
v 2.470122 0.321432 -0.109644
v 2.482981 0.324432 -0.109644
v 2.495895 0.326766 -0.109644
v 2.508851 0.328432 -0.109644
v 2.521835 0.329432 -0.109644
v 2.534833 0.329765 -0.109644
v 2.565165 0.328304 -0.109644
v 2.593569 0.323992 -0.109644
v 2.619911 0.316937 -0.109644
v 2.644055 0.307247 -0.109644
v 2.665866 0.295029 -0.109644
v 2.685208 0.280390 -0.109644
v 2.701946 0.263440 -0.109644
v 2.715944 0.244284 -0.109644
v 2.727067 0.223031 -0.109644
v 2.735180 0.199789 -0.109644
v 2.740147 0.174664 -0.109644
v 2.741833 0.147765 -0.109644
v 2.736029 0.104407 -0.109644
v 2.719981 0.067145 -0.109644
v 2.695739 0.034953 -0.109644
v 2.665351 0.006802 -0.109644
v 2.630867 -0.018334 -0.109644
v 2.594333 -0.041485 -0.109644
v 2.557799 -0.063677 -0.109644
v 2.523314 -0.085938 -0.109644
v 2.492927 -0.109297 -0.109644
v 2.468685 -0.134781 -0.109644
v 2.452637 -0.163418 -0.109644
v 2.446833 -0.196235 -0.109644
v 2.447566 -0.205909 -0.109644
v 2.449778 -0.215799 -0.109644
v 2.453489 -0.225703 -0.109644
v 2.458722 -0.235420 -0.109644
v 2.465496 -0.244747 -0.109644
v 2.473833 -0.253485 -0.109644
v 2.483753 -0.261430 -0.109644
v 2.495277 -0.268383 -0.109644
v 2.508427 -0.274141 -0.109644
v 2.523222 -0.278503 -0.109644
v 2.539684 -0.281268 -0.109644
v 2.557833 -0.282235 -0.109644
v 2.574494 -0.281509 -0.109644
v 2.590958 -0.279346 -0.109644
v 2.607192 -0.275766 -0.109644
v 2.623166 -0.270790 -0.109644
v 2.638848 -0.264439 -0.109644
v 2.654208 -0.256735 -0.109644
v 2.669213 -0.247696 -0.109644
v 2.683833 -0.237346 -0.109644
v 2.698036 -0.225703 -0.109644
v 2.711791 -0.212790 -0.109644
v 2.725067 -0.198627 -0.109644
v 2.737833 -0.183235 -0.109644
v 2.737833 -0.307235 -0.109644
v 2.723514 -0.317507 -0.109644
v 2.709032 -0.326832 -0.109644
v 2.694348 -0.335219 -0.109644
v 2.679426 -0.342679 -0.109644
v 2.664225 -0.349222 -0.109644
v 2.648708 -0.354860 -0.109644
v 2.632837 -0.359601 -0.109644
v 2.616574 -0.363457 -0.109644
v 2.599880 -0.366438 -0.109644
v 2.582717 -0.368554 -0.109644
v 2.565048 -0.369816 -0.109644
v 2.546833 -0.370235 -0.109644
v 2.519967 -0.368638 -0.109644
v 2.494491 -0.363961 -0.109644
v 2.470583 -0.356375 -0.109644
v 2.448425 -0.346049 -0.109644
v 2.428199 -0.333154 -0.109644
v 2.410083 -0.317860 -0.109644
v 2.394259 -0.300336 -0.109644
v 2.380907 -0.280753 -0.109644
v 2.370208 -0.259281 -0.109644
v 2.362342 -0.236091 -0.109644
v 2.357491 -0.211352 -0.109644
v 2.355833 -0.185235 -0.109644
v 2.361637 -0.135343 -0.109644
v 2.377685 -0.093355 -0.109644
v 2.401927 -0.058047 -0.109644
v 2.432314 -0.028198 -0.109644
v 2.466799 -0.002584 -0.109644
v 2.503333 0.020015 -0.109644
v 2.539866 0.040823 -0.109644
v 2.574351 0.061062 -0.109644
v 2.604739 0.081953 -0.109644
v 2.628981 0.104719 -0.109644
v 2.645029 0.130583 -0.109644
v 2.650833 0.160765 -0.109644
v 2.649911 0.172443 -0.109644
v 2.647208 0.183432 -0.109644
v 2.642817 0.193672 -0.109644
v 2.636833 0.203099 -0.109644
v 2.629349 0.211651 -0.109644
v 2.620458 0.219265 -0.109644
v 2.610255 0.225880 -0.109644
v 2.598833 0.231432 -0.109644
v 2.586286 0.235859 -0.109644
v 2.572708 0.239099 -0.109644
v 2.558192 0.241088 -0.109644
v 2.542833 0.241765 -0.109644
v 2.531129 0.241419 -0.109644
v 2.519037 0.240326 -0.109644
v 2.506583 0.238406 -0.109644
v 2.493796 0.235580 -0.109644
v 2.480703 0.231768 -0.109644
v 2.467333 0.226890 -0.109644
v 2.453712 0.220867 -0.109644
v 2.439870 0.213617 -0.109644
v 2.425833 0.205062 -0.109644
v 2.411629 0.195122 -0.109644
v 2.397286 0.183716 -0.109644
v 2.382833 0.170765 -0.109644
v 2.819833 0.320765 -0.109644
v 3.206833 0.320765 -0.109644
v 3.206833 -0.361235 -0.109644
v 2.810833 -0.361235 -0.109644
v 2.810833 -0.273235 -0.109644
v 3.108833 -0.273235 -0.109644
v 3.108833 -0.061235 -0.109644
v 2.829833 -0.061235 -0.109644
v 2.829833 0.026765 -0.109644
v 3.108833 0.026765 -0.109644
v 3.108833 0.232765 -0.109644
v 2.819833 0.232765 -0.109644
v 3.808833 0.320765 -0.109644
v 3.808833 -0.361235 -0.109644
v 3.710833 -0.361235 -0.109644
v 3.710833 -0.065235 -0.109644
v 3.669833 -0.065235 -0.109644
v 3.657487 -0.065630 -0.109644
v 3.645314 -0.067068 -0.109644
v 3.633114 -0.069922 -0.109644
v 3.620685 -0.074568 -0.109644
v 3.607824 -0.081380 -0.109644
v 3.594333 -0.090735 -0.109644
v 3.580008 -0.103005 -0.109644
v 3.564648 -0.118568 -0.109644
v 3.548052 -0.137797 -0.109644
v 3.530018 -0.161068 -0.109644
v 3.510345 -0.188755 -0.109644
v 3.488833 -0.221235 -0.109644
v 3.398833 -0.361235 -0.109644
v 3.281833 -0.361235 -0.109644
v 3.292982 -0.345821 -0.109644
v 3.303027 -0.331929 -0.109644
v 3.312114 -0.319328 -0.109644
v 3.320389 -0.307790 -0.109644
v 3.327996 -0.297085 -0.109644
v 3.335083 -0.286985 -0.109644
v 3.341795 -0.277259 -0.109644
v 3.348278 -0.267679 -0.109644
v 3.354677 -0.258016 -0.109644
v 3.361138 -0.248040 -0.109644
v 3.367809 -0.237523 -0.109644
v 3.374833 -0.226235 -0.109644
v 3.387563 -0.205443 -0.109644
v 3.399842 -0.185568 -0.109644
v 3.411801 -0.166610 -0.109644
v 3.423573 -0.148568 -0.109644
v 3.435290 -0.131443 -0.109644
v 3.447083 -0.115235 -0.109644
v 3.459084 -0.099943 -0.109644
v 3.471426 -0.085568 -0.109644
v 3.484239 -0.072110 -0.109644
v 3.497657 -0.059568 -0.109644
v 3.511811 -0.047943 -0.109644
v 3.526833 -0.037235 -0.109644
v 3.509255 -0.029365 -0.109644
v 3.493041 -0.020281 -0.109644
v 3.478224 -0.010016 -0.109644
v 3.464833 0.001395 -0.109644
v 3.452901 0.013917 -0.109644
v 3.442458 0.027515 -0.109644
v 3.433536 0.042156 -0.109644
v 3.426167 0.057802 -0.109644
v 3.420380 0.074422 -0.109644
v 3.416208 0.091978 -0.109644
v 3.413682 0.110438 -0.109644
v 3.412833 0.129765 -0.109644
v 3.414605 0.158312 -0.109644
v 3.419842 0.184886 -0.109644
v 3.428427 0.209390 -0.109644
v 3.440240 0.231728 -0.109644
v 3.455165 0.251803 -0.109644
v 3.473083 0.269515 -0.109644
v 3.493876 0.284770 -0.109644
v 3.517426 0.297469 -0.109644
v 3.543614 0.307515 -0.109644
v 3.572324 0.314812 -0.109644
v 3.603436 0.319261 -0.109644
v 3.636833 0.320765 -0.109644
v 3.710833 0.236765 -0.109644
v 3.647833 0.236765 -0.109644
v 3.625259 0.235961 -0.109644
v 3.604990 0.233580 -0.109644
v 3.586958 0.229672 -0.109644
v 3.571092 0.224284 -0.109644
v 3.557323 0.217466 -0.109644
v 3.545583 0.209265 -0.109644
v 3.535800 0.199732 -0.109644
v 3.527907 0.188914 -0.109644
v 3.521833 0.176859 -0.109644
v 3.517509 0.163617 -0.109644
v 3.514865 0.149236 -0.109644
v 3.513833 0.133765 -0.109644
v 3.514254 0.119607 -0.109644
v 3.516120 0.105752 -0.109644
v 3.519583 0.092375 -0.109644
v 3.524796 0.079654 -0.109644
v 3.531912 0.067767 -0.109644
v 3.541083 0.056890 -0.109644
v 3.552463 0.047201 -0.109644
v 3.566203 0.038877 -0.109644
v 3.582458 0.032094 -0.109644
v 3.601379 0.027029 -0.109644
v 3.623120 0.023861 -0.109644
v 3.647833 0.022765 -0.109644
v 3.710833 0.022765 -0.109644
v 4.325832 0.320765 -0.109644
v 4.325832 -0.361235 -0.109644
v 4.227833 -0.361235 -0.109644
v 4.227833 -0.066235 -0.109644
v 4.125834 -0.066235 -0.109644
v 4.088117 -0.064520 -0.109644
v 4.053935 -0.059517 -0.109644
v 4.023239 -0.051438 -0.109644
v 3.995981 -0.040494 -0.109644
v 3.972112 -0.026897 -0.109644
v 3.951583 -0.010860 -0.109644
v 3.934345 0.007407 -0.109644
v 3.920351 0.027691 -0.109644
v 3.909552 0.049781 -0.109644
v 3.901897 0.073465 -0.109644
v 3.897341 0.098530 -0.109644
v 3.895833 0.124765 -0.109644
v 3.897257 0.151309 -0.109644
v 3.901560 0.176784 -0.109644
v 3.908786 0.200953 -0.109644
v 3.918982 0.223580 -0.109644
v 3.932190 0.244430 -0.109644
v 3.948458 0.263265 -0.109644
v 3.967831 0.279851 -0.109644
v 3.990352 0.293951 -0.109644
v 4.016068 0.305328 -0.109644
v 4.045023 0.313747 -0.109644
v 4.077263 0.318971 -0.109644
v 4.112833 0.320765 -0.109644
v 4.227833 0.232765 -0.109644
v 4.112833 0.232765 -0.109644
v 4.091854 0.231674 -0.109644
v 4.073338 0.228534 -0.109644
v 4.057161 0.223547 -0.109644
v 4.043203 0.216914 -0.109644
v 4.031343 0.208836 -0.109644
v 4.021458 0.199515 -0.109644
v 4.013428 0.189153 -0.109644
v 4.007130 0.177951 -0.109644
v 4.002442 0.166109 -0.109644
v 3.999245 0.153830 -0.109644
v 3.997416 0.141315 -0.109644
v 3.996833 0.128765 -0.109644
v 3.997800 0.112375 -0.109644
v 4.000652 0.097228 -0.109644
v 4.005318 0.083359 -0.109644
v 4.011723 0.070802 -0.109644
v 4.019793 0.059593 -0.109644
v 4.029458 0.049765 -0.109644
v 4.040644 0.041355 -0.109644
v 4.053278 0.034395 -0.109644
v 4.067286 0.028922 -0.109644
v 4.082597 0.024969 -0.109644
v 4.099136 0.022572 -0.109644
v 4.116833 0.021765 -0.109644
v 4.227833 0.021765 -0.109644
v -6.158167 0.320765 0.109646
v -5.588167 0.320765 0.109646
v -5.588167 0.232765 0.109646
v -5.824167 0.232765 0.109646
v -5.824167 -0.361235 0.109646
v -5.922167 -0.361235 0.109646
v -5.922167 0.232765 0.109646
v -6.158167 0.232765 0.109646
v -5.044167 0.320765 0.109646
v -5.044167 -0.361235 0.109646
v -5.142167 -0.361235 0.109646
v -5.142167 -0.065235 0.109646
v -5.183167 -0.065235 0.109646
v -5.195513 -0.065630 0.109646
v -5.207685 -0.067068 0.109646
v -5.219886 -0.069922 0.109646
v -5.232315 -0.074568 0.109646
v -5.245175 -0.081380 0.109646
v -5.258667 -0.090735 0.109646
v -5.272992 -0.103005 0.109646
v -5.288352 -0.118568 0.109646
v -5.304948 -0.137797 0.109646
v -5.322982 -0.161068 0.109646
v -5.342654 -0.188755 0.109646
v -5.364167 -0.221235 0.109646
v -5.454167 -0.361235 0.109646
v -5.571167 -0.361235 0.109646
v -5.560018 -0.345821 0.109646
v -5.549973 -0.331929 0.109646
v -5.540886 -0.319328 0.109646
v -5.532612 -0.307790 0.109646
v -5.525004 -0.297085 0.109646
v -5.517918 -0.286985 0.109646
v -5.511206 -0.277259 0.109646
v -5.504723 -0.267679 0.109646
v -5.498323 -0.258016 0.109646
v -5.491861 -0.248040 0.109646
v -5.485191 -0.237523 0.109646
v -5.478167 -0.226235 0.109646
v -5.465436 -0.205443 0.109646
v -5.453157 -0.185568 0.109646
v -5.441198 -0.166610 0.109646
v -5.429426 -0.148568 0.109646
v -5.417710 -0.131443 0.109646
v -5.405917 -0.115235 0.109646
v -5.393916 -0.099943 0.109646
v -5.381575 -0.085568 0.109646
v -5.368761 -0.072110 0.109646
v -5.355343 -0.059568 0.109646
v -5.341189 -0.047943 0.109646
v -5.326167 -0.037235 0.109646
v -5.343745 -0.029365 0.109646
v -5.359959 -0.020281 0.109646
v -5.374776 -0.010016 0.109646
v -5.388166 0.001395 0.109646
v -5.400099 0.013917 0.109646
v -5.410542 0.027515 0.109646
v -5.419463 0.042156 0.109646
v -5.426833 0.057802 0.109646
v -5.432619 0.074422 0.109646
v -5.436790 0.091978 0.109646
v -5.439317 0.110438 0.109646
v -5.440166 0.129765 0.109646
v -5.438395 0.158312 0.109646
v -5.433157 0.184886 0.109646
v -5.424573 0.209390 0.109646
v -5.412760 0.231728 0.109646
v -5.397835 0.251803 0.109646
v -5.379917 0.269515 0.109646
v -5.359124 0.284770 0.109646
v -5.335574 0.297469 0.109646
v -5.309385 0.307515 0.109646
v -5.280676 0.314812 0.109646
v -5.249563 0.319261 0.109646
v -5.216166 0.320765 0.109646
v -5.142167 0.236765 0.109646
v -5.205167 0.236765 0.109646
v -5.227741 0.235961 0.109646
v -5.248010 0.233580 0.109646
v -5.266042 0.229672 0.109646
v -5.281907 0.224284 0.109646
v -5.295675 0.217466 0.109646
v -5.307416 0.209265 0.109646
v -5.317199 0.199732 0.109646
v -5.325092 0.188914 0.109646
v -5.331166 0.176859 0.109646
v -5.335490 0.163617 0.109646
v -5.338134 0.149236 0.109646
v -5.339167 0.133765 0.109646
v -5.338745 0.119607 0.109646
v -5.336880 0.105752 0.109646
v -5.333417 0.092375 0.109646
v -5.328204 0.079654 0.109646
v -5.321089 0.067767 0.109646
v -5.311917 0.056890 0.109646
v -5.300538 0.047201 0.109646
v -5.286798 0.038877 0.109646
v -5.270543 0.032094 0.109646
v -5.251622 0.027029 0.109646
v -5.229881 0.023861 0.109646
v -5.205167 0.022765 0.109646
v -5.142167 0.022765 0.109646
v -4.662168 0.324765 0.109646
v -4.593167 0.324765 0.109646
v -4.300167 -0.361235 0.109646
v -4.400167 -0.361235 0.109646
v -4.486167 -0.160235 0.109646
v -4.776167 -0.160235 0.109646
v -4.867167 -0.361235 0.109646
v -4.967167 -0.361235 0.109646
v -4.626167 0.174765 0.109646
v -4.736167 -0.072235 0.109646
v -4.524167 -0.072235 0.109646
v -4.283167 0.320765 0.109646
v -3.713167 0.320765 0.109646
v -3.713167 0.232765 0.109646
v -3.949167 0.232765 0.109646
v -3.949167 -0.361235 0.109646
v -4.047167 -0.361235 0.109646
v -4.047167 0.232765 0.109646
v -4.283167 0.232765 0.109646
v -3.637167 0.281765 0.109646
v -3.625086 0.289432 0.109646
v -3.612852 0.296432 0.109646
v -3.600479 0.302765 0.109646
v -3.587981 0.308432 0.109646
v -3.575372 0.313432 0.109646
v -3.562666 0.317765 0.109646
v -3.549877 0.321432 0.109646
v -3.537018 0.324432 0.109646
v -3.524104 0.326766 0.109646
v -3.511148 0.328432 0.109646
v -3.498164 0.329432 0.109646
v -3.485167 0.329765 0.109646
v -3.454835 0.328304 0.109646
v -3.426431 0.323992 0.109646
v -3.400089 0.316937 0.109646
v -3.375945 0.307247 0.109646
v -3.354134 0.295029 0.109646
v -3.334792 0.280390 0.109646
v -3.318054 0.263440 0.109646
v -3.304055 0.244284 0.109646
v -3.292932 0.223031 0.109646
v -3.284819 0.199789 0.109646
v -3.279852 0.174664 0.109646
v -3.278167 0.147765 0.109646
v -3.283971 0.104407 0.109646
v -3.300019 0.067145 0.109646
v -3.324261 0.034953 0.109646
v -3.354649 0.006802 0.109646
v -3.389133 -0.018334 0.109646
v -3.425667 -0.041485 0.109646
v -3.462200 -0.063677 0.109646
v -3.496685 -0.085938 0.109646
v -3.527073 -0.109297 0.109646
v -3.551315 -0.134781 0.109646
v -3.567362 -0.163418 0.109646
v -3.573167 -0.196235 0.109646
v -3.572434 -0.205909 0.109646
v -3.570223 -0.215799 0.109646
v -3.566511 -0.225703 0.109646
v -3.561278 -0.235420 0.109646
v -3.554504 -0.244747 0.109646
v -3.546167 -0.253485 0.109646
v -3.536247 -0.261430 0.109646
v -3.524723 -0.268383 0.109646
v -3.511573 -0.274141 0.109646
v -3.496778 -0.278503 0.109646
v -3.480316 -0.281268 0.109646
v -3.462167 -0.282235 0.109646
v -3.445505 -0.281509 0.109646
v -3.429041 -0.279346 0.109646
v -3.412807 -0.275766 0.109646
v -3.396833 -0.270790 0.109646
v -3.381151 -0.264439 0.109646
v -3.365791 -0.256735 0.109646
v -3.350786 -0.247696 0.109646
v -3.336166 -0.237346 0.109646
v -3.321963 -0.225703 0.109646
v -3.308208 -0.212790 0.109646
v -3.294932 -0.198627 0.109646
v -3.282167 -0.183235 0.109646
v -3.282167 -0.307235 0.109646
v -3.296486 -0.317507 0.109646
v -3.310968 -0.326832 0.109646
v -3.325651 -0.335219 0.109646
v -3.340574 -0.342679 0.109646
v -3.355775 -0.349222 0.109646
v -3.371292 -0.354860 0.109646
v -3.387163 -0.359601 0.109646
v -3.403426 -0.363457 0.109646
v -3.420120 -0.366438 0.109646
v -3.437283 -0.368554 0.109646
v -3.454953 -0.369816 0.109646
v -3.473167 -0.370235 0.109646
v -3.500033 -0.368638 0.109646
v -3.525510 -0.363961 0.109646
v -3.549417 -0.356375 0.109646
v -3.571574 -0.346049 0.109646
v -3.591801 -0.333154 0.109646
v -3.609917 -0.317860 0.109646
v -3.625741 -0.300336 0.109646
v -3.639092 -0.280753 0.109646
v -3.649792 -0.259281 0.109646
v -3.657658 -0.236091 0.109646
v -3.662509 -0.211352 0.109646
v -3.664166 -0.185235 0.109646
v -3.658362 -0.135343 0.109646
v -3.642315 -0.093355 0.109646
v -3.618073 -0.058047 0.109646
v -3.587686 -0.028198 0.109646
v -3.553201 -0.002584 0.109646
v -3.516667 0.020015 0.109646
v -3.480134 0.040823 0.109646
v -3.445649 0.061062 0.109646
v -3.415261 0.081953 0.109646
v -3.391019 0.104719 0.109646
v -3.374972 0.130583 0.109646
v -3.369167 0.160765 0.109646
v -3.370089 0.172443 0.109646
v -3.372792 0.183432 0.109646
v -3.377182 0.193672 0.109646
v -3.383167 0.203099 0.109646
v -3.390651 0.211651 0.109646
v -3.399542 0.219265 0.109646
v -3.409745 0.225880 0.109646
v -3.421166 0.231432 0.109646
v -3.433713 0.235859 0.109646
v -3.447291 0.239099 0.109646
v -3.461807 0.241088 0.109646
v -3.477167 0.241765 0.109646
v -3.488870 0.241419 0.109646
v -3.500963 0.240326 0.109646
v -3.513416 0.238406 0.109646
v -3.526203 0.235580 0.109646
v -3.539296 0.231768 0.109646
v -3.552666 0.226890 0.109646
v -3.566287 0.220867 0.109646
v -3.580129 0.213617 0.109646
v -3.594166 0.205062 0.109646
v -3.608370 0.195122 0.109646
v -3.622712 0.183716 0.109646
v -3.637167 0.170765 0.109646
v -2.182167 -0.020235 0.109646
v -2.185071 -0.065984 0.109646
v -2.193644 -0.110397 0.109646
v -2.207683 -0.152969 0.109646
v -2.226982 -0.193198 0.109646
v -2.251337 -0.230579 0.109646
v -2.280542 -0.264610 0.109646
v -2.314393 -0.294786 0.109646
v -2.352685 -0.320605 0.109646
v -2.395214 -0.341563 0.109646
v -2.441773 -0.357156 0.109646
v -2.492159 -0.366881 0.109646
v -2.546167 -0.370235 0.109646
v -2.601954 -0.366862 0.109646
v -2.653709 -0.357086 0.109646
v -2.701277 -0.341422 0.109646
v -2.744501 -0.320383 0.109646
v -2.783225 -0.294482 0.109646
v -2.817292 -0.264235 0.109646
v -2.846548 -0.230154 0.109646
v -2.870834 -0.192753 0.109646
v -2.889995 -0.152547 0.109646
v -2.903875 -0.110049 0.109646
v -2.912318 -0.065774 0.109646
v -2.915167 -0.020235 0.109646
v -2.912243 0.026565 0.109646
v -2.903607 0.071664 0.109646
v -2.889464 0.114609 0.109646
v -2.870019 0.154951 0.109646
v -2.845477 0.192236 0.109646
v -2.816042 0.226015 0.109646
v -2.781920 0.255836 0.109646
v -2.743315 0.281247 0.109646
v -2.700433 0.301797 0.109646
v -2.653477 0.317034 0.109646
v -2.602654 0.326507 0.109646
v -2.548167 0.329765 0.109646
v -2.494540 0.326488 0.109646
v -2.444320 0.316965 0.109646
v -2.397745 0.301656 0.109646
v -2.355056 0.281025 0.109646
v -2.316492 0.255532 0.109646
v -2.282292 0.225640 0.109646
v -2.252697 0.191811 0.109646
v -2.227945 0.154506 0.109646
v -2.208276 0.114187 0.109646
v -2.193931 0.071316 0.109646
v -2.185148 0.026355 0.109646
v -2.283167 -0.020235 0.109646
v -2.285478 0.016392 0.109646
v -2.292241 0.051108 0.109646
v -2.303198 0.083672 0.109646
v -2.318092 0.113840 0.109646
v -2.336668 0.141368 0.109646
v -2.358666 0.166015 0.109646
v -2.383832 0.187537 0.109646
v -2.411907 0.205691 0.109646
v -2.442635 0.220234 0.109646
v -2.475759 0.230923 0.109646
v -2.511022 0.237514 0.109646
v -2.548167 0.239765 0.109646
v -2.585542 0.237514 0.109646
v -2.620996 0.230923 0.109646
v -2.654277 0.220234 0.109646
v -2.685131 0.205691 0.109646
v -2.713304 0.187537 0.109646
v -2.738543 0.166015 0.109646
v -2.760594 0.141368 0.109646
v -2.779204 0.113840 0.109646
v -2.794120 0.083672 0.109646
v -2.805089 0.051108 0.109646
v -2.811855 0.016392 0.109646
v -2.814167 -0.020235 0.109646
v -2.811855 -0.056651 0.109646
v -2.805089 -0.091230 0.109646
v -2.794120 -0.123719 0.109646
v -2.779204 -0.153864 0.109646
v -2.760594 -0.181412 0.109646
v -2.738543 -0.206110 0.109646
v -2.713304 -0.227703 0.109646
v -2.685131 -0.245938 0.109646
v -2.654277 -0.260563 0.109646
v -2.620996 -0.271322 0.109646
v -2.585542 -0.277964 0.109646
v -2.548167 -0.280235 0.109646
v -2.511023 -0.277964 0.109646
v -2.475760 -0.271323 0.109646
v -2.442636 -0.260563 0.109646
v -2.411908 -0.245938 0.109646
v -2.383833 -0.227703 0.109646
v -2.358667 -0.206110 0.109646
v -2.336668 -0.181412 0.109646
v -2.318093 -0.153864 0.109646
v -2.303199 -0.123719 0.109646
v -2.292242 -0.091230 0.109646
v -2.285479 -0.056651 0.109646
v -2.120167 0.320765 0.109646
v -1.550167 0.320765 0.109646
v -1.550167 0.232765 0.109646
v -1.786167 0.232765 0.109646
v -1.786167 -0.361235 0.109646
v -1.884167 -0.361235 0.109646
v -1.884167 0.232765 0.109646
v -2.120167 0.232765 0.109646
v -1.217167 0.320765 0.109646
v -0.830167 0.320765 0.109646
v -0.830167 -0.361235 0.109646
v -1.226167 -0.361235 0.109646
v -1.226167 -0.273235 0.109646
v -0.928167 -0.273235 0.109646
v -0.928167 -0.061235 0.109646
v -1.207167 -0.061235 0.109646
v -1.207167 0.026765 0.109646
v -0.928167 0.026765 0.109646
v -0.928167 0.232765 0.109646
v -1.217167 0.232765 0.109646
v -0.703167 0.273765 0.109646
v -0.680363 0.283060 0.109646
v -0.658403 0.291455 0.109646
v -0.637214 0.298969 0.109646
v -0.616723 0.305617 0.109646
v -0.596856 0.311419 0.109646
v -0.577542 0.316390 0.109646
v -0.558707 0.320550 0.109646
v -0.540278 0.323914 0.109646
v -0.522182 0.326500 0.109646
v -0.504347 0.328326 0.109646
v -0.486700 0.329408 0.109646
v -0.469167 0.329765 0.109646
v -0.416223 0.326654 0.109646
v -0.366116 0.317543 0.109647
v -0.319182 0.302765 0.109646
v -0.275759 0.282654 0.109646
v -0.236183 0.257543 0.109646
v -0.200791 0.227765 0.109646
v -0.169920 0.193654 0.109646
v -0.143907 0.155543 0.109646
v -0.123088 0.113765 0.109646
v -0.107801 0.068654 0.109646
v -0.098382 0.020543 0.109646
v -0.095167 -0.030235 0.109646
v -0.097518 -0.066964 0.109646
v -0.104648 -0.105073 0.109646
v -0.116667 -0.143688 0.109646
v -0.133685 -0.181938 0.109646
v -0.155815 -0.218953 0.109646
v -0.183167 -0.253860 0.109646
v -0.215852 -0.285787 0.109646
v -0.253982 -0.313864 0.109646
v -0.297667 -0.337219 0.109646
v -0.347018 -0.354980 0.109646
v -0.402148 -0.366276 0.109646
v -0.463167 -0.370235 0.109646
v -0.489224 -0.369722 0.109646
v -0.513963 -0.368221 0.109646
v -0.537479 -0.365781 0.109646
v -0.559870 -0.362457 0.109646
v -0.581234 -0.358299 0.109646
v -0.601666 -0.353360 0.109646
v -0.621266 -0.347691 0.109646
v -0.640130 -0.341346 0.109646
v -0.658354 -0.334375 0.109646
v -0.676037 -0.326832 0.109646
v -0.693276 -0.318768 0.109646
v -0.710167 -0.310235 0.109646
v -0.710167 -0.203235 0.109646
v -0.690779 -0.215253 0.109646
v -0.671148 -0.226299 0.109646
v -0.651323 -0.236360 0.109646
v -0.631352 -0.245420 0.109646
v -0.611284 -0.253466 0.109646
v -0.591167 -0.260485 0.109646
v -0.571050 -0.266461 0.109646
v -0.550982 -0.271383 0.109646
v -0.531011 -0.275235 0.109646
v -0.511186 -0.278003 0.109646
v -0.491555 -0.279674 0.109646
v -0.472167 -0.280235 0.109646
v -0.432285 -0.278060 0.109646
v -0.394778 -0.271674 0.109646
v -0.359854 -0.261281 0.109646
v -0.327722 -0.247086 0.109646
v -0.298590 -0.229294 0.109646
v -0.272666 -0.208110 0.109646
v -0.250160 -0.183737 0.109646
v -0.231278 -0.156383 0.109646
v -0.216229 -0.126250 0.109646
v -0.205223 -0.093545 0.109646
v -0.198466 -0.058471 0.109646
v -0.196167 -0.021235 0.109646
v -0.198540 0.015411 0.109646
v -0.205482 0.050182 0.109646
v -0.216730 0.082828 0.109646
v -0.232019 0.113099 0.109646
v -0.251086 0.140745 0.109646
v -0.273667 0.165516 0.109646
v -0.299499 0.187161 0.109646
v -0.328316 0.205432 0.109646
v -0.359855 0.220078 0.109646
v -0.393853 0.230849 0.109646
v -0.430045 0.237495 0.109646
v -0.468167 0.239765 0.109646
v -0.487782 0.239304 0.109646
v -0.507172 0.237909 0.109646
v -0.526402 0.235562 0.109646
v -0.545537 0.232247 0.109646
v -0.564646 0.227945 0.109646
v -0.583792 0.222640 0.109646
v -0.603043 0.216315 0.109646
v -0.622463 0.208951 0.109646
v -0.642120 0.200531 0.109646
v -0.662079 0.191039 0.109646
v -0.682406 0.180456 0.109646
v -0.703167 0.168765 0.109646
v 0.257833 0.324765 0.109647
v 0.326833 0.324765 0.109647
v 0.619833 -0.361235 0.109647
v 0.519833 -0.361235 0.109647
v 0.433833 -0.160235 0.109647
v 0.143833 -0.160235 0.109646
v 0.052833 -0.361235 0.109646
v -0.047167 -0.361235 0.109646
v 0.293833 0.174765 0.109647
v 0.183833 -0.072235 0.109646
v 0.395833 -0.072235 0.109647
v 1.059833 0.320765 0.109647
v 1.059833 -0.361235 0.109647
v 0.961833 -0.361235 0.109647
v 0.961833 -0.066235 0.109647
v 0.859833 -0.066235 0.109647
v 0.822117 -0.064520 0.109647
v 0.787935 -0.059517 0.109647
v 0.757239 -0.051438 0.109647
v 0.729981 -0.040494 0.109647
v 0.706112 -0.026897 0.109647
v 0.685583 -0.010860 0.109647
v 0.668345 0.007407 0.109647
v 0.654351 0.027691 0.109647
v 0.643551 0.049781 0.109647
v 0.635898 0.073465 0.109647
v 0.631341 0.098530 0.109647
v 0.629833 0.124765 0.109647
v 0.631257 0.151309 0.109647
v 0.635560 0.176784 0.109647
v 0.642786 0.200953 0.109647
v 0.652981 0.223580 0.109647
v 0.666190 0.244430 0.109647
v 0.682458 0.263265 0.109647
v 0.701830 0.279851 0.109647
v 0.724352 0.293951 0.109647
v 0.750068 0.305328 0.109647
v 0.779023 0.313747 0.109647
v 0.811263 0.318971 0.109647
v 0.846833 0.320765 0.109647
v 0.961833 0.232765 0.109647
v 0.846833 0.232765 0.109647
v 0.825854 0.231674 0.109647
v 0.807338 0.228534 0.109647
v 0.791161 0.223547 0.109647
v 0.777204 0.216914 0.109647
v 0.765343 0.208836 0.109647
v 0.755458 0.199515 0.109647
v 0.747427 0.189153 0.109647
v 0.741129 0.177951 0.109647
v 0.736443 0.166109 0.109647
v 0.733245 0.153830 0.109647
v 0.731416 0.141315 0.109647
v 0.730833 0.128765 0.109647
v 0.731800 0.112375 0.109647
v 0.734653 0.097228 0.109647
v 0.739317 0.083359 0.109647
v 0.745722 0.070802 0.109647
v 0.753793 0.059593 0.109647
v 0.763458 0.049765 0.109647
v 0.774644 0.041355 0.109647
v 0.787277 0.034395 0.109647
v 0.801286 0.028922 0.109647
v 0.816597 0.024969 0.109647
v 0.833137 0.022572 0.109647
v 0.850833 0.021765 0.109647
v 0.961833 0.021765 0.109647
v 1.188833 0.281765 0.109647
v 1.200914 0.289432 0.109647
v 1.213148 0.296432 0.109647
v 1.225520 0.302765 0.109647
v 1.238018 0.308432 0.109647
v 1.250627 0.313432 0.109647
v 1.263333 0.317765 0.109647
v 1.276122 0.321432 0.109647
v 1.288981 0.324432 0.109647
v 1.301895 0.326766 0.109647
v 1.314852 0.328432 0.109647
v 1.327835 0.329432 0.109647
v 1.340833 0.329765 0.109647
v 1.371164 0.328304 0.109647
v 1.399569 0.323992 0.109647
v 1.425911 0.316937 0.109647
v 1.450055 0.307247 0.109647
v 1.471866 0.295029 0.109647
v 1.491208 0.280390 0.109647
v 1.507946 0.263440 0.109647
v 1.521944 0.244284 0.109647
v 1.533067 0.223031 0.109647
v 1.541180 0.199789 0.109647
v 1.546147 0.174664 0.109647
v 1.547833 0.147765 0.109647
v 1.542028 0.104407 0.109647
v 1.525981 0.067145 0.109647
v 1.501740 0.034953 0.109647
v 1.471352 0.006802 0.109647
v 1.436867 -0.018334 0.109647
v 1.400333 -0.041485 0.109647
v 1.363800 -0.063677 0.109647
v 1.329315 -0.085938 0.109647
v 1.298927 -0.109297 0.109647
v 1.274685 -0.134781 0.109647
v 1.258637 -0.163418 0.109647
v 1.252833 -0.196235 0.109647
v 1.253566 -0.205909 0.109647
v 1.255777 -0.215799 0.109647
v 1.259489 -0.225703 0.109647
v 1.264722 -0.235420 0.109647
v 1.271496 -0.244747 0.109647
v 1.279833 -0.253485 0.109647
v 1.289753 -0.261430 0.109647
v 1.301277 -0.268383 0.109647
v 1.314426 -0.274141 0.109647
v 1.329222 -0.278503 0.109647
v 1.345683 -0.281268 0.109647
v 1.363833 -0.282235 0.109647
v 1.380494 -0.281509 0.109647
v 1.396958 -0.279346 0.109647
v 1.413192 -0.275766 0.109647
v 1.429166 -0.270790 0.109647
v 1.444849 -0.264439 0.109647
v 1.460208 -0.256735 0.109647
v 1.475213 -0.247696 0.109647
v 1.489833 -0.237346 0.109647
v 1.504036 -0.225703 0.109647
v 1.517791 -0.212790 0.109647
v 1.531067 -0.198627 0.109647
v 1.543833 -0.183235 0.109647
v 1.543833 -0.307235 0.109647
v 1.529514 -0.317507 0.109647
v 1.515032 -0.326832 0.109647
v 1.500349 -0.335219 0.109647
v 1.485425 -0.342679 0.109647
v 1.470224 -0.349222 0.109647
v 1.454708 -0.354860 0.109647
v 1.438837 -0.359601 0.109647
v 1.422574 -0.363457 0.109647
v 1.405880 -0.366438 0.109647
v 1.388717 -0.368554 0.109647
v 1.371047 -0.369816 0.109647
v 1.352833 -0.370235 0.109647
v 1.325967 -0.368638 0.109647
v 1.300490 -0.363961 0.109647
v 1.276583 -0.356375 0.109647
v 1.254425 -0.346049 0.109647
v 1.234199 -0.333154 0.109647
v 1.216083 -0.317860 0.109647
v 1.200258 -0.300336 0.109647
v 1.186907 -0.280753 0.109647
v 1.176208 -0.259281 0.109647
v 1.168342 -0.236091 0.109647
v 1.163490 -0.211352 0.109647
v 1.161833 -0.185235 0.109647
v 1.167637 -0.135343 0.109647
v 1.183684 -0.093355 0.109647
v 1.207927 -0.058047 0.109647
v 1.238314 -0.028198 0.109647
v 1.272799 -0.002584 0.109647
v 1.309333 0.020015 0.109647
v 1.345866 0.040823 0.109647
v 1.380351 0.061062 0.109647
v 1.410739 0.081953 0.109647
v 1.434980 0.104719 0.109647
v 1.451028 0.130583 0.109647
v 1.456833 0.160765 0.109647
v 1.455911 0.172443 0.109647
v 1.453208 0.183432 0.109647
v 1.448817 0.193672 0.109647
v 1.442833 0.203099 0.109647
v 1.435349 0.211651 0.109647
v 1.426457 0.219265 0.109647
v 1.416255 0.225880 0.109647
v 1.404833 0.231432 0.109647
v 1.392286 0.235859 0.109647
v 1.378708 0.239099 0.109647
v 1.364192 0.241088 0.109647
v 1.348833 0.241765 0.109647
v 1.337129 0.241419 0.109647
v 1.325037 0.240326 0.109647
v 1.312583 0.238406 0.109647
v 1.299796 0.235580 0.109647
v 1.286703 0.231768 0.109647
v 1.273333 0.226890 0.109647
v 1.259712 0.220867 0.109647
v 1.245870 0.213617 0.109647
v 1.231833 0.205062 0.109647
v 1.217629 0.195122 0.109647
v 1.203286 0.183716 0.109647
v 1.188833 0.170765 0.109647
v 1.924833 0.281765 0.109647
v 1.936914 0.289432 0.109647
v 1.949148 0.296432 0.109647
v 1.961520 0.302765 0.109647
v 1.974018 0.308432 0.109647
v 1.986627 0.313432 0.109647
v 1.999333 0.317765 0.109647
v 2.012122 0.321432 0.109647
v 2.024981 0.324432 0.109647
v 2.037895 0.326766 0.109647
v 2.050852 0.328432 0.109647
v 2.063835 0.329432 0.109647
v 2.076833 0.329765 0.109647
v 2.107164 0.328304 0.109647
v 2.135569 0.323992 0.109647
v 2.161911 0.316937 0.109647
v 2.186055 0.307247 0.109647
v 2.207866 0.295029 0.109647
v 2.227208 0.280390 0.109647
v 2.243946 0.263440 0.109647
v 2.257944 0.244284 0.109647
v 2.269067 0.223031 0.109647
v 2.277180 0.199789 0.109647
v 2.282147 0.174664 0.109647
v 2.283833 0.147765 0.109647
v 2.278028 0.104407 0.109647
v 2.261981 0.067145 0.109647
v 2.237740 0.034953 0.109647
v 2.207352 0.006802 0.109647
v 2.172867 -0.018334 0.109647
v 2.136333 -0.041485 0.109647
v 2.099800 -0.063677 0.109647
v 2.065315 -0.085938 0.109647
v 2.034927 -0.109297 0.109647
v 2.010685 -0.134781 0.109647
v 1.994637 -0.163418 0.109647
v 1.988833 -0.196235 0.109647
v 1.989566 -0.205909 0.109647
v 1.991777 -0.215799 0.109647
v 1.995489 -0.225703 0.109647
v 2.000722 -0.235420 0.109647
v 2.007496 -0.244747 0.109647
v 2.015833 -0.253485 0.109647
v 2.025753 -0.261430 0.109647
v 2.037277 -0.268383 0.109647
v 2.050426 -0.274141 0.109647
v 2.065222 -0.278503 0.109647
v 2.081683 -0.281268 0.109647
v 2.099833 -0.282235 0.109647
v 2.116494 -0.281509 0.109647
v 2.132958 -0.279346 0.109647
v 2.149192 -0.275766 0.109647
v 2.165166 -0.270790 0.109647
v 2.180849 -0.264439 0.109647
v 2.196208 -0.256735 0.109647
v 2.211213 -0.247696 0.109647
v 2.225833 -0.237346 0.109647
v 2.240036 -0.225703 0.109647
v 2.253791 -0.212790 0.109647
v 2.267067 -0.198627 0.109647
v 2.279833 -0.183235 0.109647
v 2.279833 -0.307235 0.109647
v 2.265514 -0.317507 0.109647
v 2.251032 -0.326832 0.109647
v 2.236349 -0.335219 0.109647
v 2.221426 -0.342679 0.109647
v 2.206224 -0.349222 0.109647
v 2.190708 -0.354860 0.109647
v 2.174837 -0.359601 0.109647
v 2.158574 -0.363457 0.109647
v 2.141880 -0.366438 0.109647
v 2.124717 -0.368554 0.109647
v 2.107048 -0.369816 0.109647
v 2.088833 -0.370235 0.109647
v 2.061967 -0.368638 0.109647
v 2.036490 -0.363961 0.109647
v 2.012583 -0.356375 0.109647
v 1.990425 -0.346049 0.109647
v 1.970199 -0.333154 0.109647
v 1.952083 -0.317860 0.109647
v 1.936258 -0.300336 0.109647
v 1.922907 -0.280753 0.109647
v 1.912208 -0.259281 0.109647
v 1.904342 -0.236091 0.109647
v 1.899490 -0.211352 0.109647
v 1.897833 -0.185235 0.109647
v 1.903637 -0.135343 0.109647
v 1.919684 -0.093355 0.109647
v 1.943927 -0.058047 0.109647
v 1.974314 -0.028198 0.109647
v 2.008799 -0.002584 0.109647
v 2.045333 0.020015 0.109647
v 2.081866 0.040823 0.109647
v 2.116351 0.061062 0.109647
v 2.146739 0.081953 0.109647
v 2.170980 0.104719 0.109647
v 2.187028 0.130583 0.109647
v 2.192833 0.160765 0.109647
v 2.191911 0.172443 0.109647
v 2.189208 0.183432 0.109647
v 2.184817 0.193672 0.109647
v 2.178833 0.203099 0.109647
v 2.171349 0.211651 0.109647
v 2.162457 0.219265 0.109647
v 2.152255 0.225880 0.109647
v 2.140833 0.231432 0.109647
v 2.128286 0.235859 0.109647
v 2.114708 0.239099 0.109647
v 2.100192 0.241088 0.109647
v 2.084833 0.241765 0.109647
v 2.073129 0.241419 0.109647
v 2.061037 0.240326 0.109647
v 2.048583 0.238406 0.109647
v 2.035796 0.235580 0.109647
v 2.022703 0.231768 0.109647
v 2.009333 0.226890 0.109647
v 1.995712 0.220867 0.109647
v 1.981870 0.213617 0.109647
v 1.967833 0.205062 0.109647
v 1.953629 0.195122 0.109647
v 1.939286 0.183716 0.109647
v 1.924833 0.170765 0.109647
v 2.382833 0.281765 0.109647
v 2.394914 0.289432 0.109647
v 2.407147 0.296432 0.109647
v 2.419520 0.302765 0.109647
v 2.432018 0.308432 0.109647
v 2.444627 0.313432 0.109647
v 2.457333 0.317765 0.109647
v 2.470122 0.321432 0.109647
v 2.482981 0.324432 0.109647
v 2.495895 0.326766 0.109647
v 2.508851 0.328432 0.109647
v 2.521835 0.329432 0.109647
v 2.534833 0.329765 0.109647
v 2.565165 0.328304 0.109647
v 2.593569 0.323992 0.109647
v 2.619911 0.316937 0.109647
v 2.644055 0.307247 0.109647
v 2.665866 0.295029 0.109647
v 2.685208 0.280390 0.109647
v 2.701946 0.263440 0.109647
v 2.715944 0.244284 0.109647
v 2.727067 0.223031 0.109647
v 2.735180 0.199789 0.109647
v 2.740147 0.174664 0.109647
v 2.741833 0.147765 0.109647
v 2.736029 0.104407 0.109647
v 2.719981 0.067145 0.109647
v 2.695739 0.034953 0.109647
v 2.665351 0.006802 0.109647
v 2.630867 -0.018334 0.109647
v 2.594333 -0.041485 0.109647
v 2.557799 -0.063677 0.109647
v 2.523314 -0.085938 0.109647
v 2.492927 -0.109297 0.109647
v 2.468685 -0.134781 0.109647
v 2.452637 -0.163418 0.109647
v 2.446833 -0.196235 0.109647
v 2.447566 -0.205909 0.109647
v 2.449778 -0.215799 0.109647
v 2.453489 -0.225703 0.109647
v 2.458722 -0.235420 0.109647
v 2.465496 -0.244747 0.109647
v 2.473833 -0.253485 0.109647
v 2.483753 -0.261430 0.109647
v 2.495277 -0.268383 0.109647
v 2.508427 -0.274141 0.109647
v 2.523222 -0.278503 0.109647
v 2.539684 -0.281268 0.109647
v 2.557833 -0.282235 0.109647
v 2.574494 -0.281509 0.109647
v 2.590958 -0.279346 0.109647
v 2.607192 -0.275766 0.109647
v 2.623166 -0.270790 0.109647
v 2.638848 -0.264439 0.109647
v 2.654208 -0.256735 0.109647
v 2.669213 -0.247696 0.109647
v 2.683833 -0.237346 0.109647
v 2.698036 -0.225703 0.109647
v 2.711791 -0.212790 0.109647
v 2.725067 -0.198627 0.109647
v 2.737833 -0.183235 0.109647
v 2.737833 -0.307235 0.109647
v 2.723514 -0.317507 0.109647
v 2.709032 -0.326832 0.109647
v 2.694348 -0.335219 0.109647
v 2.679426 -0.342679 0.109647
v 2.664225 -0.349222 0.109647
v 2.648708 -0.354860 0.109647
v 2.632837 -0.359601 0.109647
v 2.616574 -0.363457 0.109647
v 2.599880 -0.366438 0.109647
v 2.582717 -0.368554 0.109647
v 2.565048 -0.369816 0.109647
v 2.546833 -0.370235 0.109647
v 2.519967 -0.368638 0.109647
v 2.494491 -0.363961 0.109647
v 2.470583 -0.356375 0.109647
v 2.448425 -0.346049 0.109647
v 2.428199 -0.333154 0.109647
v 2.410083 -0.317860 0.109647
v 2.394259 -0.300336 0.109647
v 2.380907 -0.280753 0.109647
v 2.370208 -0.259281 0.109647
v 2.362342 -0.236091 0.109647
v 2.357491 -0.211352 0.109647
v 2.355833 -0.185235 0.109647
v 2.361637 -0.135343 0.109647
v 2.377685 -0.093355 0.109647
v 2.401927 -0.058047 0.109647
v 2.432314 -0.028198 0.109647
v 2.466799 -0.002584 0.109647
v 2.503333 0.020015 0.109647
v 2.539866 0.040823 0.109647
v 2.574351 0.061062 0.109647
v 2.604739 0.081953 0.109647
v 2.628981 0.104719 0.109647
v 2.645029 0.130583 0.109647
v 2.650833 0.160765 0.109647
v 2.649911 0.172443 0.109647
v 2.647208 0.183432 0.109647
v 2.642817 0.193672 0.109647
v 2.636833 0.203099 0.109647
v 2.629349 0.211651 0.109647
v 2.620458 0.219265 0.109647
v 2.610255 0.225880 0.109647
v 2.598833 0.231432 0.109647
v 2.586286 0.235859 0.109647
v 2.572708 0.239099 0.109647
v 2.558192 0.241088 0.109647
v 2.542833 0.241765 0.109647
v 2.531129 0.241419 0.109647
v 2.519037 0.240326 0.109647
v 2.506583 0.238406 0.109647
v 2.493796 0.235580 0.109647
v 2.480703 0.231768 0.109647
v 2.467333 0.226890 0.109647
v 2.453712 0.220867 0.109647
v 2.439870 0.213617 0.109647
v 2.425833 0.205062 0.109647
v 2.411629 0.195122 0.109647
v 2.397286 0.183716 0.109647
v 2.382833 0.170765 0.109647
v 2.819833 0.320765 0.109647
v 3.206833 0.320765 0.109647
v 3.206833 -0.361235 0.109647
v 2.810833 -0.361235 0.109647
v 2.810833 -0.273235 0.109647
v 3.108833 -0.273235 0.109647
v 3.108833 -0.061235 0.109647
v 2.829833 -0.061235 0.109647
v 2.829833 0.026765 0.109647
v 3.108833 0.026765 0.109647
v 3.108833 0.232765 0.109647
v 2.819833 0.232765 0.109647
v 3.808833 0.320765 0.109647
v 3.808833 -0.361235 0.109647
v 3.710833 -0.361235 0.109647
v 3.710833 -0.065235 0.109647
v 3.669833 -0.065235 0.109647
v 3.657487 -0.065630 0.109647
v 3.645314 -0.067068 0.109647
v 3.633114 -0.069922 0.109647
v 3.620685 -0.074568 0.109647
v 3.607824 -0.081380 0.109647
v 3.594333 -0.090735 0.109647
v 3.580008 -0.103005 0.109647
v 3.564648 -0.118568 0.109647
v 3.548052 -0.137797 0.109647
v 3.530018 -0.161068 0.109647
v 3.510345 -0.188755 0.109647
v 3.488833 -0.221235 0.109647
v 3.398833 -0.361235 0.109647
v 3.281833 -0.361235 0.109647
v 3.292982 -0.345821 0.109647
v 3.303027 -0.331929 0.109647
v 3.312114 -0.319328 0.109647
v 3.320389 -0.307790 0.109647
v 3.327996 -0.297085 0.109647
v 3.335083 -0.286985 0.109647
v 3.341795 -0.277259 0.109647
v 3.348278 -0.267679 0.109647
v 3.354677 -0.258016 0.109647
v 3.361138 -0.248040 0.109647
v 3.367809 -0.237523 0.109647
v 3.374833 -0.226235 0.109647
v 3.387563 -0.205443 0.109647
v 3.399842 -0.185568 0.109647
v 3.411801 -0.166610 0.109647
v 3.423573 -0.148568 0.109647
v 3.435290 -0.131443 0.109647
v 3.447083 -0.115235 0.109647
v 3.459084 -0.099943 0.109647
v 3.471426 -0.085568 0.109647
v 3.484239 -0.072110 0.109647
v 3.497657 -0.059568 0.109647
v 3.511811 -0.047943 0.109647
v 3.526833 -0.037235 0.109647
v 3.509255 -0.029365 0.109647
v 3.493041 -0.020281 0.109647
v 3.478224 -0.010016 0.109647
v 3.464833 0.001395 0.109647
v 3.452901 0.013917 0.109647
v 3.442458 0.027515 0.109647
v 3.433536 0.042156 0.109647
v 3.426167 0.057802 0.109647
v 3.420380 0.074422 0.109647
v 3.416208 0.091978 0.109647
v 3.413682 0.110438 0.109647
v 3.412833 0.129765 0.109647
v 3.414605 0.158312 0.109647
v 3.419842 0.184886 0.109647
v 3.428427 0.209390 0.109647
v 3.440240 0.231728 0.109647
v 3.455165 0.251803 0.109647
v 3.473083 0.269515 0.109647
v 3.493876 0.284770 0.109647
v 3.517426 0.297469 0.109647
v 3.543614 0.307515 0.109647
v 3.572324 0.314812 0.109647
v 3.603436 0.319261 0.109647
v 3.636833 0.320765 0.109647
v 3.710833 0.236765 0.109647
v 3.647833 0.236765 0.109647
v 3.625259 0.235961 0.109647
v 3.604990 0.233580 0.109647
v 3.586958 0.229672 0.109647
v 3.571092 0.224284 0.109647
v 3.557323 0.217466 0.109647
v 3.545583 0.209265 0.109647
v 3.535800 0.199732 0.109647
v 3.527907 0.188914 0.109647
v 3.521833 0.176859 0.109647
v 3.517509 0.163617 0.109647
v 3.514865 0.149236 0.109647
v 3.513833 0.133765 0.109647
v 3.514254 0.119607 0.109647
v 3.516120 0.105752 0.109647
v 3.519583 0.092375 0.109647
v 3.524796 0.079654 0.109647
v 3.531912 0.067767 0.109647
v 3.541083 0.056890 0.109647
v 3.552463 0.047201 0.109647
v 3.566203 0.038877 0.109647
v 3.582458 0.032094 0.109647
v 3.601379 0.027029 0.109647
v 3.623120 0.023861 0.109647
v 3.647833 0.022765 0.109647
v 3.710833 0.022765 0.109647
v 4.325832 0.320765 0.109647
v 4.325832 -0.361235 0.109647
v 4.227833 -0.361235 0.109647
v 4.227833 -0.066235 0.109647
v 4.125834 -0.066235 0.109647
v 4.088117 -0.064520 0.109647
v 4.053935 -0.059517 0.109647
v 4.023239 -0.051438 0.109647
v 3.995981 -0.040494 0.109647
v 3.972112 -0.026897 0.109647
v 3.951583 -0.010860 0.109647
v 3.934345 0.007407 0.109647
v 3.920351 0.027691 0.109647
v 3.909552 0.049781 0.109647
v 3.901897 0.073465 0.109647
v 3.897341 0.098530 0.109647
v 3.895833 0.124765 0.109647
v 3.897257 0.151309 0.109647
v 3.901560 0.176784 0.109647
v 3.908786 0.200953 0.109647
v 3.918982 0.223580 0.109647
v 3.932190 0.244430 0.109647
v 3.948458 0.263265 0.109647
v 3.967831 0.279851 0.109647
v 3.990352 0.293951 0.109647
v 4.016068 0.305328 0.109647
v 4.045023 0.313747 0.109647
v 4.077263 0.318971 0.109647
v 4.112833 0.320765 0.109647
v 4.227833 0.232765 0.109647
v 4.112833 0.232765 0.109647
v 4.091854 0.231674 0.109647
v 4.073338 0.228534 0.109647
v 4.057161 0.223547 0.109647
v 4.043203 0.216914 0.109647
v 4.031343 0.208836 0.109647
v 4.021458 0.199515 0.109647
v 4.013428 0.189153 0.109647
v 4.007130 0.177951 0.109647
v 4.002442 0.166109 0.109647
v 3.999245 0.153830 0.109647
v 3.997416 0.141315 0.109647
v 3.996833 0.128765 0.109647
v 3.997800 0.112375 0.109647
v 4.000652 0.097228 0.109647
v 4.005318 0.083359 0.109647
v 4.011723 0.070802 0.109647
v 4.019793 0.059593 0.109647
v 4.029458 0.049765 0.109647
v 4.040644 0.041355 0.109647
v 4.053278 0.034395 0.109647
v 4.067286 0.028922 0.109647
v 4.082597 0.024969 0.109647
v 4.099136 0.022572 0.109647
v 4.116833 0.021765 0.109647
v 4.227833 0.021765 0.109647
vn -0.0000 -0.0000 1.0000
vn -0.0000 1.0000 -0.0000
vn -0.0000 -1.0000 -0.0000
vn -0.0001 0.0013 1.0000
vn -0.0000 0.0001 1.0000
vn -0.0000 -0.0000 -1.0000
vn -0.0000 0.0002 -1.0000
vn -0.0000 -0.0002 -1.0000
vn -0.8804 -0.4742 -0.0000
vn 0.9498 -0.3128 -0.0000
vn 0.9729 0.2312 -0.0000
vn 0.5778 -0.8162 -0.0000
vn -0.9829 0.1839 -0.0000
vn -0.5269 -0.8499 -0.0000
vn -0.0443 -0.9990 -0.0000
vn 0.5212 -0.8534 -0.0000
vn 0.9478 0.3189 -0.0000
vn -0.0532 -0.9986 -0.0000
vn -0.8988 -0.4384 -0.0000
vn -0.1894 -0.9819 -0.0000
vn 0.7422 0.6702 -0.0000
vn 0.8289 0.5593 -0.0000
vn -0.8964 0.4432 -0.0000
vn -0.9475 -0.3199 -0.0000
vn 0.8965 -0.4430 -0.0000
vn -0.9497 0.3132 -0.0000
vn -0.4960 0.8683 -0.0000
vn 0.7467 -0.6651 -0.0000
vn 0.9027 0.4302 -0.0000
vn -0.3386 0.9409 -0.0000
vn -0.0712 0.9975 -0.0000
vn 0.2350 0.9720 -0.0000
vn 0.7588 0.6513 -0.0000
vn 0.4888 0.8724 -0.0000
vn -0.1501 -0.9887 -0.0000
vn -0.8286 -0.5598 -0.0000
vn 0.3228 -0.9465 -0.0000
vn -0.1841 -0.9829 -0.0000
vn -0.5204 0.8539 -0.0000
vn 0.8447 -0.5352 -0.0000
vn -0.0296 0.9996 -0.0000
vn -0.8379 0.5459 -0.0000
vn -0.1895 0.9819 -0.0000
vn 0.0610 -0.9981 -0.0000
vn -0.7117 0.7025 -0.0000
vn 0.0603 0.9982 -0.0000
vn 0.8086 -0.5883 -0.0000
vn -0.7904 0.6126 -0.0000
vn 0.8393 -0.5436 -0.0000
vn -0.9478 -0.3188 -0.0000
vn 0.8103 -0.5860 -0.0000
vn 0.8984 0.4392 -0.0000
vn 0.7568 -0.6536 -0.0000
vn -0.9441 -0.3296 -0.0000
vn 0.1415 -0.9899 -0.0000
vn 0.7525 0.6586 -0.0000
vn 0.5665 -0.8240 -0.0000
vn 0.3774 -0.9260 -0.0000
vn 1.0000 -0.0000 -0.0000
vn -0.5358 -0.8444 -0.0000
vn -0.8717 0.4901 -0.0000
vn -0.1434 -0.9897 -0.0000
vn 0.2156 -0.9765 -0.0000
vn -0.8908 -0.4544 -0.0000
vn -0.5353 0.8447 -0.0000
vn 0.0454 0.9990 -0.0000
vn -0.3003 -0.9538 -0.0000
vn 0.9933 -0.1156 -0.0000
vn -0.0481 -0.9988 -0.0000
vn 0.9515 0.3075 -0.0000
vn -0.1707 0.9853 -0.0000
vn -0.4295 0.9031 -0.0000
vn -0.9759 -0.2182 -0.0000
vn 0.3686 -0.9296 -0.0000
vn -0.0718 0.9974 -0.0000
vn -0.4639 0.8859 -0.0000
vn 0.7390 0.6737 -0.0000
vn -0.0455 -0.9990 -0.0000
vn 0.4484 -0.8938 -0.0000
vn 0.1448 0.9895 -0.0000
vn -0.8860 -0.4637 -0.0000
vn -0.2828 -0.9592 -0.0000
vn 0.0440 0.9990 -0.0000
vn -0.9814 -0.1921 -0.0000
vn 0.8443 0.5359 -0.0000
vn 0.9478 -0.3190 -0.0000
vn -0.5829 0.8125 -0.0000
vn 0.5062 -0.8624 -0.0000
vn 0.8025 -0.5967 -0.0000
vn 0.5376 0.8432 -0.0000
vn -0.4907 0.8713 -0.0000
vn -0.1758 0.9844 -0.0000
vn 0.5355 0.8446 -0.0000
vn -0.5890 0.8081 -0.0000
vn -0.3294 -0.9442 -0.0000
vn -0.6988 0.7153 -0.0000
vn -0.6979 0.7162 -0.0000
vn 0.0256 -0.9997 -0.0000
vn -1.0000 -0.0000 -0.0000
vn 0.1678 -0.9858 -0.0000
vn -0.9681 -0.2506 -0.0000
vn 0.4237 0.9058 -0.0000
vn 0.4130 -0.9108 -0.0000
vn 0.9981 -0.0616 -0.0000
vn 0.9980 0.0633 -0.0000
vn 0.1032 0.9947 -0.0000
vn 0.9444 0.3288 -0.0000
vn -0.9980 0.0639 -0.0000
vn -0.9971 -0.0756 -0.0000
vn -0.4045 0.9146 -0.0000
vn -0.1442 -0.9895 -0.0000
vn 0.4086 0.9127 -0.0000
vn -0.8074 -0.5900 -0.0000
vn 0.3754 -0.9269 -0.0000
vn -0.4011 -0.9160 -0.0000
vn 0.4224 0.9064 -0.0000
vn 0.2792 -0.9602 -0.0000
vn 0.1358 0.9907 -0.0000
vn -0.6506 0.7595 -0.0000
vn 0.9191 0.3941 -0.0000
vn 0.4041 -0.9147 -0.0000
vn -0.4293 0.9032 -0.0000
vn 0.8253 -0.5646 -0.0000
vn -0.2307 0.9730 -0.0000
vn 0.8338 -0.5521 -0.0000
vn 0.9860 -0.1665 -0.0000
vn 0.8102 -0.5861 -0.0000
vn -0.2382 -0.9712 -0.0000
vn 0.0768 -0.9970 -0.0000
vn 0.4949 -0.8689 -0.0000
vn -0.6796 0.7336 -0.0000
vn 0.4557 -0.8902 -0.0000
vn -0.9989 0.0464 -0.0000
vn -0.4825 -0.8759 -0.0000
vn -0.3427 0.9394 -0.0000
vn -0.9847 0.1742 -0.0000
vn -0.7116 -0.7026 -0.0000
vn 0.6156 0.7880 -0.0000
vn 0.1276 -0.9918 -0.0000
vn 0.7697 -0.6384 -0.0000
vn 0.9813 0.1924 -0.0000
vn -0.4715 0.8819 -0.0000
vn 0.2321 0.9727 -0.0000
vn 0.4966 -0.8680 -0.0000
vn 0.1910 0.9816 -0.0000
vn 0.9711 0.2388 -0.0000
vn -0.6035 -0.7974 -0.0000
vn -0.5166 -0.8563 -0.0000
vn -0.2795 0.9601 -0.0000
vn 0.0504 -0.9987 -0.0000
vn -0.7988 0.6015 -0.0000
vn 0.3327 0.9430 -0.0000
vn 0.2974 -0.9548 -0.0000
vn 0.5261 -0.8504 -0.0000
vn 0.9969 0.0787 -0.0000
vn 0.9117 -0.4108 -0.0000
vn -0.2863 0.9582 -0.0000
vn -0.8724 0.4889 -0.0000
vn 0.3024 0.9532 -0.0000
vn -0.6861 0.7275 -0.0000
vn 0.7296 -0.6839 -0.0000
vn -0.9184 0.3955 -0.0000
vn 0.9470 0.3212 -0.0000
vn 0.5963 -0.8028 -0.0000
vn -0.9827 -0.1851 -0.0000
vn -0.2499 -0.9683 -0.0000
vn -0.6252 -0.7805 -0.0000
vn 0.4746 -0.8802 -0.0000
vn -0.7245 0.6892 -0.0000
vn -0.1167 0.9932 -0.0000
vn 0.8231 0.5679 -0.0000
vn 0.2153 -0.9765 -0.0000
vn -0.9506 0.3104 -0.0000
vn 0.6844 -0.7291 -0.0000
vn 0.9990 0.0438 -0.0000
vn -0.3415 0.9399 -0.0000
vn 0.1805 0.9836 -0.0000
vn -0.7235 -0.6903 -0.0000
vn -0.7646 -0.6446 -0.0000
vn 0.8950 0.4460 -0.0000
vn 0.6486 0.7611 -0.0000
vn 0.1778 -0.9841 -0.0000
vn -0.4887 -0.8724 -0.0000
vn -0.7234 -0.6904 -0.0000
vn 0.1303 -0.9915 -0.0000
vn -0.1173 0.9931 -0.0000
vn 0.5358 -0.8443 -0.0000
vn -0.3954 0.9185 -0.0000
vn 0.7587 -0.6514 -0.0000
vn 0.0593 0.9982 -0.0000
vn -0.4351 -0.9004 -0.0000
vn -0.7904 0.6125 -0.0000
vn 0.5498 -0.8353 -0.0000
vn 0.8491 -0.5283 -0.0000
vn 0.8126 -0.5828 -0.0000
vn 0.2272 -0.9738 -0.0000
vn -0.4264 0.9046 -0.0000
vn 0.5430 0.8397 -0.0000
vn 0.5306 -0.8476 -0.0000
vn -0.3725 -0.9280 -0.0000
vn -0.1672 0.9859 -0.0000
vn -0.4045 0.9145 -0.0000
vn -0.6673 0.7448 -0.0000
vn -0.6224 0.7827 -0.0000
vn -0.9677 0.2521 -0.0000
vn -0.1523 0.9883 -0.0000
vn -0.9980 0.0630 -0.0000
vn -0.2158 0.9764 -0.0000
vn 0.5440 0.8391 -0.0000
vn 0.9984 0.0573 -0.0000
vn 0.4372 0.8994 -0.0000
vn 0.9980 0.0624 -0.0000
vn -0.7129 -0.7012 -0.0000
vn -0.5434 -0.8395 -0.0000
vn 0.3726 0.9280 -0.0000
vn -0.9980 -0.0626 -0.0000
vn 0.4297 -0.9030 -0.0000
vn 0.9820 -0.1889 -0.0000
vn 0.8497 -0.5272 -0.0000
vn -0.9912 0.1327 -0.0000
vn 0.7008 -0.7134 -0.0000
vn 0.5915 -0.8063 -0.0000
vn 0.8244 -0.5660 -0.0000
vn -0.0356 0.9994 -0.0000
vn -0.6095 0.7928 -0.0000
vn -0.5424 0.8401 -0.0000
vn -0.8930 0.4500 -0.0000
vn -0.5590 0.8291 -0.0000
vn 0.6340 -0.7734 -0.0000
vn 0.4377 0.8991 -0.0000
vn 0.9908 0.1356 -0.0000
vn -0.8092 -0.5876 -0.0000
vn 0.5779 -0.8161 -0.0000
vn 0.8262 0.5633 -0.0000
vn 0.0204 -0.9998 -0.0000
vn -0.8580 -0.5136 -0.0000
vn 0.3086 -0.9512 -0.0000
vn 0.5695 0.8220 -0.0000
vn 0.0435 -0.9991 -0.0000
vn -0.3122 0.9500 -0.0000
vn -0.0320 0.9995 -0.0000
vn 0.1806 0.9836 -0.0000
vn 0.7867 -0.6174 -0.0000
vn -0.4471 0.8945 -0.0000
vn -0.2862 0.9582 -0.0000
vn -0.0230 0.9997 -0.0000
vn -0.7570 0.6534 -0.0000
vn 0.3025 0.9532 -0.0000
vn -0.8259 -0.5638 -0.0000
vn 0.8445 -0.5356 -0.0000
vn 0.9455 0.3257 -0.0000
vn 0.8111 -0.5849 -0.0000
vn -0.9137 0.4065 -0.0000
vn 0.8025 -0.5966 -0.0000
vn 0.7347 -0.6784 -0.0000
vn -0.4525 -0.8918 -0.0000
vn -0.0848 -0.9964 -0.0000
vn 0.3188 0.9478 -0.0000
vn 0.4129 -0.9108 -0.0000
vn -0.0647 0.9979 -0.0000
vn -0.9196 -0.3928 -0.0000
vn 0.6504 -0.7596 -0.0000
vn 0.9933 -0.1155 -0.0000
vn -0.0520 0.9986 -0.0000
vn -0.6505 0.7595 -0.0000
vn -0.9298 0.3680 -0.0000
vn 0.8253 -0.5647 -0.0000
vn 0.8337 -0.5521 -0.0000
vn 0.9839 0.1789 -0.0000
vn 0.8103 -0.5861 -0.0000
vn 0.4484 -0.8939 -0.0000
vn -0.8115 -0.5843 -0.0000
vn 0.2545 0.9671 -0.0000
vn -0.2587 -0.9660 -0.0000
vn 0.2756 -0.9613 -0.0000
vn -0.5734 0.8193 -0.0000
vn -0.0900 0.9959 -0.0000
vn -0.5166 -0.8562 -0.0000
vn 0.2463 -0.9692 -0.0000
vn -0.3216 0.9469 -0.0000
vn 0.6505 0.7595 -0.0000
vn 0.9811 -0.1934 -0.0000
vn -0.9810 -0.1940 -0.0000
vn 0.6846 -0.7289 -0.0000
vn 0.3087 -0.9512 -0.0000
vn -0.9978 0.0666 -0.0000
vn -0.9980 -0.0625 -0.0000
vn -0.5182 -0.8553 -0.0000
vn -0.6581 -0.7529 -0.0000
vn -0.5192 0.8547 -0.0000
vn 0.0450 -0.9990 -0.0000
vn 0.7931 0.6091 -0.0000
vn 0.9341 -0.3570 -0.0000
vn 0.3071 0.9517 -0.0000
vn -0.6489 0.7609 -0.0000
vn 0.8840 -0.4675 -0.0000
vn 0.6829 -0.7305 -0.0000
vn -0.9364 -0.3509 -0.0000
vn 0.9822 -0.1881 -0.0000
vn -0.3502 0.9367 -0.0000
vn 0.5160 -0.8566 -0.0000
vn 0.9816 0.1912 -0.0000
vn -0.5726 0.8198 -0.0000
vn -0.1656 -0.9862 -0.0000
vn -0.9911 -0.1334 -0.0000
vn 0.8508 -0.5256 -0.0000
vn -0.5414 0.8408 -0.0000
vn -0.9814 -0.1920 -0.0000
vn 0.9047 0.4261 -0.0000
vn -0.8337 0.5522 -0.0000
vn 0.6451 0.7641 -0.0000
vn -0.9819 0.1895 -0.0000
vn 0.8186 -0.5743 -0.0000
vn 0.6512 -0.7589 -0.0000
vn -0.3076 -0.9515 -0.0000
vn -0.2586 -0.9660 -0.0000
vn -0.1224 0.9925 -0.0000
vn 0.6639 0.7478 -0.0000
vn 0.5804 -0.8143 -0.0000
vn -0.4292 0.9032 -0.0000
vn -0.5698 0.8218 -0.0000
vn 0.8375 -0.5465 -0.0000
vn -0.3176 0.9482 -0.0000
vn -0.9989 0.0465 -0.0000
vn -0.1789 -0.9839 -0.0000
vn 0.8282 -0.5605 -0.0000
vn 0.2493 -0.9684 -0.0000
vn -0.3937 0.9192 -0.0000
vn -0.9910 -0.1335 -0.0000
vn 0.3582 -0.9337 -0.0000
vn -0.0235 0.9997 -0.0000
vn -0.2118 0.9773 -0.0000
vn -0.9835 0.1808 -0.0000
vn 0.8232 0.5678 -0.0000
vn 0.9981 -0.0620 -0.0000
vn -0.9471 -0.3210 -0.0000
vn 0.8946 -0.4468 -0.0000
vn 0.9194 0.3934 -0.0000
vn 0.5805 -0.8143 -0.0000
vn -0.6483 -0.7614 -0.0000
vn 0.7239 0.6899 -0.0000
vn -0.7871 0.6168 -0.0000
vn -0.2278 0.9737 -0.0000
vn -0.3722 -0.9282 -0.0000
vn 0.7242 -0.6895 -0.0000
vn 0.0544 -0.9985 -0.0000
vn 0.3924 0.9198 -0.0000
vn 0.0606 0.9982 -0.0000
vn -0.8152 0.5792 -0.0000
vn 0.8528 -0.5222 -0.0000
vn 0.8151 -0.5793 -0.0000
vn 0.4046 -0.9145 -0.0000
vn 0.9138 -0.4063 -0.0000
vn -0.2946 0.9556 -0.0000
vn 0.9243 0.3817 -0.0000
vn -0.9895 0.1446 -0.0000
vn -0.9135 0.4068 -0.0000
vn 0.9986 -0.0536 -0.0000
vn 0.7273 0.6863 -0.0000
vn -0.7988 0.6016 -0.0000
vn -0.6010 -0.7993 -0.0000
vn 0.4949 0.8689 -0.0000
vn -0.6860 0.7276 -0.0000
vn -0.9827 -0.1850 -0.0000
vn -0.6094 0.7928 -0.0000
vn 0.6339 -0.7734 -0.0000
vn -0.8091 -0.5876 -0.0000
vn -0.3123 -0.9500 -0.0000
vn 0.6581 -0.7530 -0.0000
vn 0.7007 -0.7134 -0.0000
vn -0.3058 0.9521 -0.0000
vn 0.6499 0.7600 -0.0000
vn 0.0597 -0.9982 -0.0000
vn 0.0605 0.9982 -0.0000
vn -0.9814 -0.1917 -0.0000
vn -0.9815 0.1913 -0.0000
vn -0.8333 -0.5529 -0.0000
vn 0.9814 -0.1919 -0.0000
vn 0.9008 -0.4342 -0.0000
vn 0.9823 0.1873 -0.0000
vn -0.8285 0.5601 -0.0000
vn 0.6503 -0.7596 -0.0000
vn -0.6501 -0.7599 -0.0000
vn 0.8967 0.4427 -0.0000
vn -0.9298 0.3681 -0.0000
vn -0.8963 -0.4435 -0.0000
vn 0.3089 -0.9511 -0.0000
vn -0.9016 0.4325 -0.0000
vn -0.6654 0.7465 -0.0000
vn 0.8291 -0.5591 -0.0000
vn -0.8116 -0.5842 -0.0000
vn 0.3128 0.9498 -0.0000
vn 0.8387 0.5446 -0.0000
vn -0.0606 -0.9982 -0.0000
vn 0.0612 -0.9981 -0.0000
vn -0.0620 0.9981 -0.0000
vn 0.7030 -0.7112 -0.0000
vn 0.3342 -0.9425 -0.0000
vn -0.2670 0.9637 -0.0000
vn -0.8078 0.5894 -0.0000
vn -0.9253 -0.3792 -0.0000
vn 0.1796 -0.9837 -0.0000
vn -0.4203 -0.9074 -0.0000
vn 0.3020 0.9533 -0.0000
vn -0.1211 0.9926 -0.0000
vn -0.7415 -0.6710 -0.0000
vn -0.4618 0.8870 -0.0000
vn 0.9806 0.1958 -0.0000
vn 0.6423 0.7665 -0.0000
vn -0.4472 0.8945 -0.0000
vn -0.9548 0.2972 -0.0000
vn -0.9980 -0.0632 -0.0000
vn 0.6328 -0.7743 -0.0000
vn 0.9819 -0.1892 -0.0000
vn -0.4904 -0.8715 -0.0000
vn -0.1383 -0.9904 -0.0000
vn -0.2848 -0.9586 -0.0000
vn 0.2852 -0.9585 -0.0000
vn 0.2778 0.9606 -0.0000
vn -0.2007 0.9796 -0.0000
vn -0.5929 0.8052 -0.0000
vn 0.4509 0.8926 -0.0000
vn 0.1469 0.9892 -0.0000
vn -0.9810 -0.1939 -0.0000
vn 0.8442 0.5360 -0.0000
vn 0.8393 -0.5437 -0.0000
vn 0.5061 -0.8625 -0.0000
vn -0.9110 0.4124 -0.0000
vn 0.8104 -0.5859 -0.0000
vn 0.1600 -0.9871 -0.0000
vn -0.5629 0.8265 -0.0000
vn 0.9581 -0.2864 -0.0000
vn 0.9980 0.0634 -0.0000
vn -0.9972 -0.0754 -0.0000
vn -0.8908 -0.4543 -0.0000
vn -0.9983 -0.0589 -0.0000
vn 0.4556 -0.8902 -0.0000
vn -0.3639 -0.9314 -0.0000
vn 0.9711 0.2389 -0.0000
vn 0.1416 -0.9899 -0.0000
vn -0.4438 0.8961 -0.0000
vn 0.9438 -0.3306 -0.0000
vn -0.9996 -0.0298 -0.0000
vn 0.8539 0.5204 -0.0000
vn -0.3851 -0.9229 -0.0000
vn 0.6347 -0.7728 -0.0000
vn 0.4322 -0.9018 -0.0000
vn 0.7242 -0.6896 -0.0000
vn -0.5514 -0.8342 -0.0000
vn -0.4681 0.8837 -0.0000
vn 0.4278 0.9039 -0.0000
vn 0.8458 -0.5335 -0.0000
vn -0.5417 0.8406 -0.0000
vn 0.8529 -0.5221 -0.0000
vn 0.9981 -0.0624 -0.0000
vn -0.8412 0.5408 -0.0000
vn -0.9980 -0.0638 -0.0000
vn 0.8231 -0.5680 -0.0000
vn 0.8230 -0.5680 -0.0000
vn 0.9980 0.0630 -0.0000
vn -0.9980 0.0633 -0.0000
vn -0.9895 0.1447 -0.0000
vn 0.9980 -0.0634 -0.0000
vn -0.9980 -0.0634 -0.0000
vn 0.5447 -0.8386 -0.0000
vn -0.4283 -0.9036 -0.0000
vn -0.3640 -0.9314 -0.0000
vn 0.5560 0.8312 -0.0000
vn 0.4950 0.8689 -0.0000
vn -0.4420 0.8970 -0.0000
vn 0.9990 0.0439 -0.0000
vn -0.7645 -0.6446 -0.0000
vn -0.0587 -0.9983 -0.0000
vn 0.2803 -0.9599 -0.0000
vn -0.3546 0.9350 -0.0000
vn 0.0595 0.9982 -0.0000
vn 0.6828 -0.7306 -0.0000
vn -0.3501 0.9367 -0.0000
vn 0.8490 -0.5284 -0.0000
vn -0.8950 -0.4460 -0.0000
vn 0.8926 0.4508 -0.0000
vn 0.8507 -0.5256 -0.0000
vn 0.8230 -0.5681 -0.0000
vn -0.8583 0.5131 -0.0000
vn -0.1863 -0.9825 -0.0000
vn -0.4131 -0.9107 -0.0000
vn -0.1828 0.9832 -0.0000
vn -0.0289 -0.9996 -0.0000
vn 0.3572 0.9340 -0.0000
vn 0.7539 -0.6570 -0.0000
vn 0.0196 0.9998 -0.0000
vn 0.7460 0.6659 -0.0000
vn -0.9483 -0.3173 -0.0000
vn -0.9477 0.3192 -0.0000
vn 0.9476 -0.3196 -0.0000
vn -0.9677 0.2520 -0.0000
vn 0.9506 0.3105 -0.0000
vn 0.9984 0.0574 -0.0000
vn -0.7459 -0.6660 -0.0000
vn -0.7130 -0.7012 -0.0000
vn -0.9971 -0.0755 -0.0000
vn 0.6845 -0.7291 -0.0000
vn -0.7589 0.6513 -0.0000
vn 0.1851 -0.9827 -0.0000
vn 0.1856 0.9826 -0.0000
vn 0.1018 -0.9948 -0.0000
vn 0.1832 -0.9831 -0.0000
vn 0.3571 -0.9341 -0.0000
vn -0.2196 0.9756 -0.0000
vn -0.6438 -0.7652 -0.0000
vn -0.0610 -0.9981 -0.0000
vn 0.1837 0.9830 -0.0000
vn -0.0601 0.9982 -0.0000
vn 0.4212 0.9070 -0.0000
vn -0.7526 -0.6584 -0.0000
vn 0.8353 -0.5498 -0.0000
vn 0.9979 0.0646 -0.0000
vn -0.7453 0.6668 -0.0000
vn -0.7117 0.7024 -0.0000
vn -0.8717 0.4900 -0.0000
vn -0.4907 0.8714 -0.0000
vn 0.9860 -0.1666 -0.0000
vn -0.9847 0.1741 -0.0000
vn 0.6156 0.7881 -0.0000
vn 0.9813 0.1925 -0.0000
vn -0.2500 -0.9683 -0.0000
vn 0.8490 -0.5283 -0.0000
vn 0.8127 -0.5827 -0.0000
vn -0.9677 0.2519 -0.0000
vn 0.9983 0.0574 -0.0000
vn 0.4297 -0.9029 -0.0000
vn -0.8091 -0.5877 -0.0000
vn -0.6980 0.7161 -0.0000
vn 0.9444 0.3289 -0.0000
vn -0.9759 -0.2183 -0.0000
vn -0.3215 0.9469 -0.0000
vn 0.9811 -0.1933 -0.0000
vn -0.9978 0.0665 -0.0000
vn -0.5423 0.8402 -0.0000
vn -0.1657 -0.9862 -0.0000
vn -0.5413 0.8408 -0.0000
vn -0.0713 0.9975 -0.0000
vn -0.9989 0.0463 -0.0000
vn 0.8375 -0.5464 -0.0000
vn -0.3428 0.9394 -0.0000
vn 0.8282 -0.5604 -0.0000
vn 0.9711 0.2387 -0.0000
vn 0.9117 -0.4109 -0.0000
vn -0.3414 0.9399 -0.0000
vn -0.6674 0.7447 -0.0000
vn 0.2154 -0.9765 -0.0000
vn -0.8580 -0.5137 -0.0000
vn 0.7866 -0.6174 -0.0000
vn 0.8444 -0.5356 -0.0000
vn 0.8111 -0.5850 -0.0000
vn -0.8284 0.5601 -0.0000
vn -0.7414 -0.6710 -0.0000
vn 0.9581 -0.2865 -0.0000
vn -0.9364 -0.3510 -0.0000
vn -0.4437 0.8962 -0.0000
vn -0.9441 -0.3295 -0.0000
vn -0.6251 -0.7805 -0.0000
vn -0.9996 -0.0296 -0.0000
vn 0.7243 -0.6895 -0.0000
vn -0.9980 -0.0639 -0.0000
vn 0.9986 -0.0535 -0.0000
vn -0.6010 -0.7992 -0.0000
vn 0.7273 0.6864 -0.0000
vn -0.8583 0.5132 -0.0000
vn 0.9969 0.0788 -0.0000
vn 0.8951 0.4460 -0.0000
vn -0.9253 -0.3793 -0.0000
vt 0.285714 0.000000
vt 0.142857 0.000000
vt 0.000000 0.000000
vt 1.000000 0.000000
vt 0.428571 0.000000
vt 0.571429 0.000000
vt 0.857143 0.000000
vt 0.714286 0.000000
vt 0.010753 0.000000
vt 0.720430 0.000000
vt 0.709677 0.000000
vt 0.698925 0.000000
vt 0.688172 0.000000
vt 0.677419 0.000000
vt 0.666667 0.000000
vt 0.655914 0.000000
vt 0.645161 0.000000
vt 0.634409 0.000000
vt 0.731183 0.000000
vt 0.623656 0.000000
vt 0.741935 0.000000
vt 0.752688 0.000000
vt 0.763441 0.000000
vt 0.612903 0.000000
vt 0.774194 0.000000
vt 0.784946 0.000000
vt 0.795699 0.000000
vt 0.602151 0.000000
vt 0.806452 0.000000
vt 0.817204 0.000000
vt 0.827957 0.000000
vt 0.591398 0.000000
vt 0.838710 0.000000
vt 0.849462 0.000000
vt 0.580645 0.000000
vt 0.860215 0.000000
vt 0.870968 0.000000
vt 0.569892 0.000000
vt 0.881720 0.000000
vt 0.559140 0.000000
vt 0.892473 0.000000
vt 0.903226 0.000000
vt 0.548387 0.000000
vt 0.913979 0.000000
vt 0.537634 0.000000
vt 0.924731 0.000000
vt 0.526882 0.000000
vt 0.935484 0.000000
vt 0.946237 0.000000
vt 0.516129 0.000000
vt 0.956989 0.000000
vt 0.967742 0.000000
vt 0.505376 0.000000
vt 0.978495 0.000000
vt 0.989247 0.000000
vt 0.032258 0.000000
vt 0.494624 0.000000
vt 0.483871 0.000000
vt 0.473118 0.000000
vt 0.462366 0.000000
vt 0.451613 0.000000
vt 0.440860 0.000000
vt 0.430108 0.000000
vt 0.043011 0.000000
vt 0.053763 0.000000
vt 0.419355 0.000000
vt 0.021505 0.000000
vt 0.064516 0.000000
vt 0.075269 0.000000
vt 0.086022 0.000000
vt 0.408602 0.000000
vt 0.096774 0.000000
vt 0.107527 0.000000
vt 0.397849 0.000000
vt 0.118280 0.000000
vt 0.387097 0.000000
vt 0.129032 0.000000
vt 0.376344 0.000000
vt 0.139785 0.000000
vt 0.365591 0.000000
vt 0.150538 0.000000
vt 0.354839 0.000000
vt 0.161290 0.000000
vt 0.344086 0.000000
vt 0.333333 0.000000
vt 0.172043 0.000000
vt 0.322581 0.000000
vt 0.182796 0.000000
vt 0.311828 0.000000
vt 0.301075 0.000000
vt 0.290323 0.000000
vt 0.279570 0.000000
vt 0.268817 0.000000
vt 0.258065 0.000000
vt 0.247312 0.000000
vt 0.236559 0.000000
vt 0.225806 0.000000
vt 0.215054 0.000000
vt 0.204301 0.000000
vt 0.193548 0.000000
vt 0.200000 0.000000
vt 0.100000 0.000000
vt 0.800000 0.000000
vt 0.700000 0.000000
vt 0.900000 0.000000
vt 0.400000 0.000000
vt 0.500000 0.000000
vt 0.300000 0.000000
vt 0.600000 0.000000
vt 0.107438 0.000000
vt 0.099174 0.000000
vt 0.090909 0.000000
vt 0.082645 0.000000
vt 0.074380 0.000000
vt 0.115702 0.000000
vt 0.066116 0.000000
vt 0.057851 0.000000
vt 0.123967 0.000000
vt 0.049587 0.000000
vt 0.041322 0.000000
vt 0.132231 0.000000
vt 0.033058 0.000000
vt 0.024793 0.000000
vt 0.140496 0.000000
vt 0.016529 0.000000
vt 0.008264 0.000000
vt 0.148760 0.000000
vt 0.933884 0.000000
vt 0.942149 0.000000
vt 0.950413 0.000000
vt 0.958678 0.000000
vt 0.966942 0.000000
vt 0.975207 0.000000
vt 0.983471 0.000000
vt 0.991736 0.000000
vt 0.157025 0.000000
vt 0.917355 0.000000
vt 0.925620 0.000000
vt 0.165289 0.000000
vt 0.900826 0.000000
vt 0.909091 0.000000
vt 0.173554 0.000000
vt 0.892562 0.000000
vt 0.884298 0.000000
vt 0.876033 0.000000
vt 0.867769 0.000000
vt 0.859504 0.000000
vt 0.851240 0.000000
vt 0.181818 0.000000
vt 0.842975 0.000000
vt 0.834711 0.000000
vt 0.826446 0.000000
vt 0.190083 0.000000
vt 0.818182 0.000000
vt 0.809917 0.000000
vt 0.198347 0.000000
vt 0.801653 0.000000
vt 0.793388 0.000000
vt 0.206612 0.000000
vt 0.785124 0.000000
vt 0.776860 0.000000
vt 0.214876 0.000000
vt 0.768595 0.000000
vt 0.223140 0.000000
vt 0.760331 0.000000
vt 0.752066 0.000000
vt 0.231405 0.000000
vt 0.743802 0.000000
vt 0.239669 0.000000
vt 0.735537 0.000000
vt 0.247934 0.000000
vt 0.727273 0.000000
vt 0.256198 0.000000
vt 0.719008 0.000000
vt 0.264463 0.000000
vt 0.272727 0.000000
vt 0.710744 0.000000
vt 0.280992 0.000000
vt 0.289256 0.000000
vt 0.702479 0.000000
vt 0.297521 0.000000
vt 0.504132 0.000000
vt 0.495868 0.000000
vt 0.487603 0.000000
vt 0.694215 0.000000
vt 0.305785 0.000000
vt 0.479339 0.000000
vt 0.314050 0.000000
vt 0.685950 0.000000
vt 0.471074 0.000000
vt 0.322314 0.000000
vt 0.462810 0.000000
vt 0.330579 0.000000
vt 0.338843 0.000000
vt 0.677686 0.000000
vt 0.454545 0.000000
vt 0.347107 0.000000
vt 0.446281 0.000000
vt 0.355372 0.000000
vt 0.438017 0.000000
vt 0.669421 0.000000
vt 0.363636 0.000000
vt 0.429752 0.000000
vt 0.371901 0.000000
vt 0.421488 0.000000
vt 0.380165 0.000000
vt 0.413223 0.000000
vt 0.388430 0.000000
vt 0.404959 0.000000
vt 0.661157 0.000000
vt 0.396694 0.000000
vt 0.652893 0.000000
vt 0.512397 0.000000
vt 0.520661 0.000000
vt 0.644628 0.000000
vt 0.528926 0.000000
vt 0.636364 0.000000
vt 0.537190 0.000000
vt 0.545455 0.000000
vt 0.628099 0.000000
vt 0.553719 0.000000
vt 0.561983 0.000000
vt 0.619835 0.000000
vt 0.570248 0.000000
vt 0.578512 0.000000
vt 0.611570 0.000000
vt 0.586777 0.000000
vt 0.595041 0.000000
vt 0.603306 0.000000
vt 0.389474 0.000000
vt 0.378947 0.000000
vt 0.368421 0.000000
vt 0.357895 0.000000
vt 0.347368 0.000000
vt 0.410526 0.000000
vt 0.336842 0.000000
vt 0.421053 0.000000
vt 0.326316 0.000000
vt 0.431579 0.000000
vt 0.315789 0.000000
vt 0.442105 0.000000
vt 0.631579 0.000000
vt 0.621053 0.000000
vt 0.642105 0.000000
vt 0.652632 0.000000
vt 0.610526 0.000000
vt 0.663158 0.000000
vt 0.305263 0.000000
vt 0.452632 0.000000
vt 0.673684 0.000000
vt 0.589474 0.000000
vt 0.684211 0.000000
vt 0.578947 0.000000
vt 0.294737 0.000000
vt 0.463158 0.000000
vt 0.694737 0.000000
vt 0.568421 0.000000
vt 0.705263 0.000000
vt 0.557895 0.000000
vt 0.284211 0.000000
vt 0.473684 0.000000
vt 0.715789 0.000000
vt 0.547368 0.000000
vt 0.273684 0.000000
vt 0.484211 0.000000
vt 0.726316 0.000000
vt 0.536842 0.000000
vt 0.736842 0.000000
vt 0.526316 0.000000
vt 0.263158 0.000000
vt 0.494737 0.000000
vt 0.747368 0.000000
vt 0.515789 0.000000
vt 0.252632 0.000000
vt 0.757895 0.000000
vt 0.505263 0.000000
vt 0.010526 0.000000
vt 0.768421 0.000000
vt 0.242105 0.000000
vt 0.989474 0.000000
vt 0.778947 0.000000
vt 0.231579 0.000000
vt 0.021053 0.000000
vt 0.978947 0.000000
vt 0.789474 0.000000
vt 0.221053 0.000000
vt 0.031579 0.000000
vt 0.968421 0.000000
vt 0.210526 0.000000
vt 0.042105 0.000000
vt 0.810526 0.000000
vt 0.957895 0.000000
vt 0.821053 0.000000
vt 0.947368 0.000000
vt 0.052632 0.000000
vt 0.831579 0.000000
vt 0.936842 0.000000
vt 0.842105 0.000000
vt 0.926316 0.000000
vt 0.189474 0.000000
vt 0.063158 0.000000
vt 0.852632 0.000000
vt 0.915789 0.000000
vt 0.863158 0.000000
vt 0.905263 0.000000
vt 0.178947 0.000000
vt 0.073684 0.000000
vt 0.873684 0.000000
vt 0.894737 0.000000
vt 0.884211 0.000000
vt 0.168421 0.000000
vt 0.084211 0.000000
vt 0.157895 0.000000
vt 0.094737 0.000000
vt 0.147368 0.000000
vt 0.105263 0.000000
vt 0.136842 0.000000
vt 0.115789 0.000000
vt 0.126316 0.000000
vt 0.134021 0.000000
vt 0.123711 0.000000
vt 0.113402 0.000000
vt 0.103093 0.000000
vt 0.092784 0.000000
vt 0.144330 0.000000
vt 0.082474 0.000000
vt 0.072165 0.000000
vt 0.061856 0.000000
vt 0.154639 0.000000
vt 0.051546 0.000000
vt 0.041237 0.000000
vt 0.030928 0.000000
vt 0.164948 0.000000
vt 0.020619 0.000000
vt 0.010309 0.000000
vt 0.175258 0.000000
vt 0.896907 0.000000
vt 0.907216 0.000000
vt 0.917526 0.000000
vt 0.927835 0.000000
vt 0.938144 0.000000
vt 0.948454 0.000000
vt 0.958763 0.000000
vt 0.969072 0.000000
vt 0.979381 0.000000
vt 0.989691 0.000000
vt 0.185567 0.000000
vt 0.876289 0.000000
vt 0.886598 0.000000
vt 0.865979 0.000000
vt 0.855670 0.000000
vt 0.845361 0.000000
vt 0.195876 0.000000
vt 0.835052 0.000000
vt 0.824742 0.000000
vt 0.206186 0.000000
vt 0.814433 0.000000
vt 0.804124 0.000000
vt 0.216495 0.000000
vt 0.793814 0.000000
vt 0.226804 0.000000
vt 0.783505 0.000000
vt 0.773196 0.000000
vt 0.237113 0.000000
vt 0.762887 0.000000
vt 0.247423 0.000000
vt 0.752577 0.000000
vt 0.742268 0.000000
vt 0.257732 0.000000
vt 0.731959 0.000000
vt 0.268041 0.000000
vt 0.721649 0.000000
vt 0.278351 0.000000
vt 0.711340 0.000000
vt 0.288660 0.000000
vt 0.701031 0.000000
vt 0.298969 0.000000
vt 0.690722 0.000000
vt 0.515464 0.000000
vt 0.505155 0.000000
vt 0.494845 0.000000
vt 0.680412 0.000000
vt 0.525773 0.000000
vt 0.309278 0.000000
vt 0.536082 0.000000
vt 0.670103 0.000000
vt 0.546392 0.000000
vt 0.556701 0.000000
vt 0.659794 0.000000
vt 0.567010 0.000000
vt 0.319588 0.000000
vt 0.577320 0.000000
vt 0.649485 0.000000
vt 0.587629 0.000000
vt 0.597938 0.000000
vt 0.639175 0.000000
vt 0.608247 0.000000
vt 0.618557 0.000000
vt 0.628866 0.000000
vt 0.329897 0.000000
vt 0.484536 0.000000
vt 0.340206 0.000000
vt 0.474227 0.000000
vt 0.463918 0.000000
vt 0.453608 0.000000
vt 0.350515 0.000000
vt 0.443299 0.000000
vt 0.432990 0.000000
vt 0.422680 0.000000
vt 0.360825 0.000000
vt 0.412371 0.000000
vt 0.402062 0.000000
vt 0.391753 0.000000
vt 0.371134 0.000000
vt 0.381443 0.000000
vt 0.018182 0.000000
vt 0.527273 0.000000
vt 0.509091 0.000000
vt 0.490909 0.000000
vt 0.472727 0.000000
vt 0.436364 0.000000
vt 0.418182 0.000000
vt 0.381818 0.000000
vt 0.563636 0.000000
vt 0.581818 0.000000
vt 0.345455 0.000000
vt 0.618182 0.000000
vt 0.654545 0.000000
vt 0.327273 0.000000
vt 0.672727 0.000000
vt 0.690909 0.000000
vt 0.709091 0.000000
vt 0.309091 0.000000
vt 0.745455 0.000000
vt 0.290909 0.000000
vt 0.763636 0.000000
vt 0.781818 0.000000
vt 0.254545 0.000000
vt 0.836364 0.000000
vt 0.236364 0.000000
vt 0.854545 0.000000
vt 0.872727 0.000000
vt 0.218182 0.000000
vt 0.890909 0.000000
vt 0.927273 0.000000
vt 0.945455 0.000000
vt 0.963636 0.000000
vt 0.981818 0.000000
vt 0.054545 0.000000
vt 0.163636 0.000000
vt 0.145455 0.000000
vt 0.127273 0.000000
vt 0.109091 0.000000
vt 0.072727 0.000000
vt 0.036364 0.000000
s 0
usemtl マテリアル
f 3/1/1 2/2/1 1/3/1
f 3/1/1 1/3/1 8/4/1
f 4/5/2 3/1/2 8/4/2
f 5/6/1 4/5/1 7/7/1
f 7/7/3 4/5/3 8/4/3
f 5/6/1 7/7/1 6/8/1
f 10/9/1 9/3/1 76/10/1
f 76/10/1 9/3/1 75/11/1
f 76/10/1 75/11/1 74/12/1
f 76/10/1 74/12/1 73/13/1
f 76/10/1 73/13/1 72/14/1
f 76/10/1 72/14/1 71/15/1
f 76/10/1 71/15/1 70/16/1
f 76/10/1 70/16/1 69/17/1
f 76/10/1 69/17/1 68/18/1
f 76/10/1 68/18/1 77/19/1
f 77/19/1 68/18/1 67/20/1
f 10/9/1 76/10/1 102/4/1
f 78/21/1 77/19/1 67/20/1
f 79/22/1 78/21/1 67/20/1
f 80/23/1 79/22/1 67/20/1
f 80/23/1 67/20/1 66/24/1
f 81/25/1 80/23/1 66/24/1
f 82/26/1 81/25/1 66/24/1
f 83/27/1 82/26/1 66/24/1
f 83/27/1 66/24/1 65/28/1
f 84/29/1 83/27/1 65/28/1
f 85/30/1 84/29/1 65/28/1
f 86/31/1 85/30/1 65/28/1
f 86/31/1 65/28/1 64/32/1
f 87/33/1 86/31/1 64/32/1
f 88/34/1 87/33/1 64/32/1
f 88/34/1 64/32/1 63/35/1
f 89/36/1 88/34/1 63/35/1
f 90/37/1 89/36/1 63/35/1
f 90/37/1 63/35/1 62/38/1
f 91/39/1 90/37/1 62/38/1
f 91/39/1 62/38/1 61/40/1
f 92/41/1 91/39/1 61/40/1
f 93/42/1 92/41/1 61/40/1
f 93/42/1 61/40/1 60/43/1
f 94/44/1 93/42/1 60/43/1
f 94/44/1 60/43/1 59/45/1
f 95/46/1 94/44/1 59/45/1
f 95/46/1 59/45/1 58/47/1
f 96/48/1 95/46/1 58/47/1
f 97/49/1 96/48/1 58/47/1
f 97/49/1 58/47/1 57/50/1
f 98/51/1 97/49/1 57/50/1
f 99/52/1 98/51/1 57/50/1
f 99/52/1 57/50/1 56/53/1
f 100/54/1 99/52/1 56/53/1
f 101/55/1 100/54/1 56/53/1
f 10/9/1 102/4/1 12/56/1
f 12/56/1 102/4/1 101/55/1
f 12/56/1 101/55/1 56/53/1
f 12/56/1 56/53/1 55/57/1
f 12/56/1 55/57/1 54/58/1
f 12/56/1 54/58/1 53/59/1
f 12/56/1 53/59/1 52/60/1
f 12/56/1 52/60/1 51/61/1
f 12/56/1 51/61/1 50/62/1
f 12/56/1 50/62/1 49/63/1
f 12/56/1 49/63/1 13/64/1
f 13/64/1 49/63/1 14/65/1
f 14/65/1 49/63/1 48/66/1
f 10/9/1 12/56/1 11/67/1
f 15/68/1 14/65/1 48/66/1
f 16/69/1 15/68/1 48/66/1
f 17/70/1 16/69/1 48/66/1
f 17/70/1 48/66/1 47/71/1
f 18/72/1 17/70/1 47/71/1
f 19/73/1 18/72/1 47/71/1
f 19/73/1 47/71/1 46/74/1
f 20/75/1 19/73/1 46/74/1
f 20/75/1 46/74/1 45/76/1
f 21/77/1 20/75/1 45/76/1
f 21/77/1 45/76/1 44/78/1
f 22/79/1 21/77/1 44/78/1
f 22/79/1 44/78/1 43/80/1
f 23/81/1 22/79/1 43/80/1
f 23/81/1 43/80/1 42/82/1
f 24/83/1 23/81/1 42/82/1
f 24/83/1 42/82/1 41/84/1
f 24/83/1 41/84/1 40/85/1
f 25/86/1 24/83/1 40/85/1
f 25/86/1 40/85/1 39/87/1
f 26/88/1 25/86/1 39/87/1
f 26/88/1 39/87/1 38/89/1
f 26/88/1 38/89/1 37/90/1
f 26/88/1 37/90/1 36/91/1
f 26/88/1 36/91/1 35/92/1
f 26/88/1 35/92/1 34/93/1
f 26/88/1 34/93/1 33/94/1
f 26/88/1 33/94/1 32/95/1
f 26/88/1 32/95/1 31/96/1
f 26/88/1 31/96/1 30/97/1
f 26/88/1 30/97/1 29/98/1
f 26/88/1 29/98/1 28/99/1
f 26/88/1 28/99/1 27/100/1
f 105/101/1 104/102/1 103/3/1
f 105/101/1 103/3/1 111/103/1
f 111/103/1 103/3/1 110/104/1
f 105/101/1 111/103/1 113/4/1
f 112/105/1 111/103/1 110/104/1
f 105/101/1 113/4/1 107/106/1
f 107/106/1 113/4/1 112/105/1
f 107/106/1 112/105/1 108/107/1
f 108/107/1 112/105/1 110/104/1
f 105/101/1 107/106/1 106/108/1
f 109/109/1 108/107/1 110/104/1
f 116/1/1 115/2/1 114/3/1
f 116/1/1 114/3/1 121/4/1
f 117/5/3 116/1/3 121/4/3
f 118/6/1 117/5/1 120/7/1
f 120/7/2 117/5/2 121/4/2
f 118/6/1 120/7/1 119/8/1
f 135/110/1 134/111/1 133/112/1
f 135/110/1 133/112/1 132/113/1
f 135/110/1 132/113/1 131/114/1
f 136/115/1 135/110/1 131/114/1
f 136/115/1 131/114/1 130/116/1
f 136/115/1 130/116/1 129/117/1
f 137/118/1 136/115/1 129/117/1
f 137/118/1 129/117/1 128/119/1
f 137/118/1 128/119/1 127/120/1
f 138/121/1 137/118/1 127/120/1
f 138/121/1 127/120/1 126/122/1
f 138/121/1 126/122/1 125/123/1
f 139/124/1 138/121/1 125/123/1
f 139/124/1 125/123/1 124/125/1
f 139/124/1 124/125/1 123/126/1
f 140/127/1 139/124/1 123/126/1
f 140/127/1 123/126/1 122/3/1
f 140/127/1 122/3/1 235/128/1
f 235/128/1 122/3/1 236/129/1
f 236/129/1 122/3/1 237/130/1
f 237/130/1 122/3/1 238/131/1
f 238/131/1 122/3/1 239/132/1
f 239/132/1 122/3/1 240/133/1
f 240/133/1 122/3/1 241/134/1
f 241/134/1 122/3/1 242/135/1
f 242/135/1 122/3/1 243/4/1
f 141/136/1 140/127/1 233/137/1
f 233/137/1 140/127/1 234/138/1
f 234/138/1 140/127/1 235/128/1
f 142/139/1 141/136/1 231/140/1
f 231/140/1 141/136/1 232/141/1
f 232/141/1 141/136/1 233/137/1
f 143/142/1 142/139/1 230/143/1
f 230/143/1 142/139/1 231/140/1
f 143/142/1 230/143/1 229/144/1
f 143/142/1 229/144/1 228/145/1
f 143/142/1 228/145/1 227/146/1
f 143/142/1 227/146/1 226/147/1
f 143/142/1 226/147/1 225/148/1
f 144/149/1 143/142/1 225/148/1
f 144/149/1 225/148/1 224/150/1
f 144/149/1 224/150/1 223/151/1
f 144/149/1 223/151/1 222/152/1
f 145/153/1 144/149/1 222/152/1
f 145/153/1 222/152/1 221/154/1
f 145/153/1 221/154/1 220/155/1
f 146/156/1 145/153/1 220/155/1
f 146/156/1 220/155/1 219/157/1
f 146/156/1 219/157/1 218/158/1
f 147/159/1 146/156/1 218/158/1
f 147/159/1 218/158/1 217/160/1
f 147/159/1 217/160/1 216/161/1
f 148/162/1 147/159/1 216/161/1
f 148/162/1 216/161/1 215/163/1
f 149/164/1 148/162/1 215/163/1
f 149/164/1 215/163/1 214/165/1
f 149/164/1 214/165/1 213/166/1
f 150/167/1 149/164/1 213/166/1
f 150/167/1 213/166/1 212/168/1
f 151/169/1 150/167/1 212/168/1
f 151/169/1 212/168/1 211/170/1
f 152/171/1 151/169/1 211/170/1
f 152/171/1 211/170/1 210/172/1
f 153/173/1 152/171/1 210/172/1
f 153/173/1 210/172/1 209/174/1
f 154/175/1 153/173/1 209/174/1
f 155/176/1 154/175/1 209/174/1
f 155/176/1 209/174/1 208/177/1
f 156/178/1 155/176/1 208/177/1
f 157/179/1 156/178/1 208/177/1
f 157/179/1 208/177/1 207/180/1
f 158/181/1 157/179/1 207/180/1
f 183/182/1 182/183/1 181/184/1
f 158/181/1 207/180/1 206/185/1
f 159/186/1 158/181/1 206/185/1
f 183/182/1 181/184/1 180/187/1
f 160/188/1 159/186/1 206/185/1
f 160/188/1 206/185/1 205/189/1
f 183/182/1 180/187/1 179/190/1
f 161/191/1 160/188/1 205/189/1
f 183/182/1 179/190/1 178/192/1
f 162/193/1 161/191/1 205/189/1
f 163/194/1 162/193/1 205/189/1
f 163/194/1 205/189/1 204/195/1
f 183/182/1 178/192/1 177/196/1
f 164/197/1 163/194/1 204/195/1
f 183/182/1 177/196/1 176/198/1
f 165/199/1 164/197/1 204/195/1
f 183/182/1 176/198/1 175/200/1
f 165/199/1 204/195/1 203/201/1
f 166/202/1 165/199/1 203/201/1
f 183/182/1 175/200/1 174/203/1
f 167/204/1 166/202/1 203/201/1
f 183/182/1 174/203/1 173/205/1
f 168/206/1 167/204/1 203/201/1
f 183/182/1 173/205/1 172/207/1
f 169/208/1 168/206/1 203/201/1
f 183/182/1 172/207/1 171/209/1
f 169/208/1 203/201/1 202/210/1
f 170/211/1 169/208/1 202/210/1
f 183/182/1 171/209/1 170/211/1
f 183/182/1 170/211/1 202/210/1
f 183/182/1 202/210/1 201/212/1
f 184/213/1 183/182/1 201/212/1
f 185/214/1 184/213/1 201/212/1
f 185/214/1 201/212/1 200/215/1
f 186/216/1 185/214/1 200/215/1
f 186/216/1 200/215/1 199/217/1
f 187/218/1 186/216/1 199/217/1
f 188/219/1 187/218/1 199/217/1
f 188/219/1 199/217/1 198/220/1
f 189/221/1 188/219/1 198/220/1
f 190/222/1 189/221/1 198/220/1
f 190/222/1 198/220/1 197/223/1
f 191/224/1 190/222/1 197/223/1
f 192/225/1 191/224/1 197/223/1
f 192/225/1 197/223/1 196/226/1
f 193/227/1 192/225/1 196/226/1
f 194/228/1 193/227/1 196/226/1
f 194/228/1 196/226/1 195/229/1
f 281/230/1 280/231/1 279/232/1
f 281/230/1 279/232/1 278/233/1
f 282/106/1 281/230/1 278/233/1
f 282/106/1 278/233/1 277/234/1
f 283/235/1 282/106/1 277/234/1
f 283/235/1 277/234/1 276/236/1
f 284/237/1 283/235/1 276/236/1
f 284/237/1 276/236/1 275/238/1
f 285/239/1 284/237/1 275/238/1
f 285/239/1 275/238/1 274/240/1
f 286/241/1 285/239/1 304/242/1
f 304/242/1 285/239/1 274/240/1
f 286/241/1 304/242/1 303/243/1
f 305/244/1 304/242/1 274/240/1
f 306/245/1 305/244/1 274/240/1
f 286/241/1 303/243/1 302/246/1
f 307/247/1 306/245/1 274/240/1
f 286/241/1 302/246/1 301/109/1
f 307/247/1 274/240/1 273/248/1
f 287/249/1 286/241/1 301/109/1
f 308/250/1 307/247/1 273/248/1
f 287/249/1 301/109/1 300/251/1
f 309/252/1 308/250/1 273/248/1
f 287/249/1 300/251/1 299/253/1
f 309/252/1 273/248/1 272/254/1
f 288/255/1 287/249/1 299/253/1
f 310/256/1 309/252/1 272/254/1
f 288/255/1 299/253/1 298/257/1
f 311/258/1 310/256/1 272/254/1
f 288/255/1 298/257/1 297/259/1
f 311/258/1 272/254/1 271/260/1
f 289/261/1 288/255/1 297/259/1
f 312/262/1 311/258/1 271/260/1
f 289/261/1 297/259/1 296/263/1
f 312/262/1 271/260/1 270/264/1
f 290/265/1 289/261/1 296/263/1
f 313/266/1 312/262/1 270/264/1
f 290/265/1 296/263/1 295/267/1
f 314/268/1 313/266/1 270/264/1
f 290/265/1 295/267/1 294/269/1
f 314/268/1 270/264/1 269/270/1
f 291/271/1 290/265/1 294/269/1
f 315/272/1 314/268/1 269/270/1
f 291/271/1 294/269/1 293/273/1
f 315/272/1 269/270/1 268/274/1
f 244/3/1 291/271/1 293/273/1
f 316/275/1 315/272/1 268/274/1
f 244/3/1 293/273/1 292/276/1
f 245/277/1 244/3/1 292/276/1
f 245/277/1 292/276/1 339/4/1
f 317/278/1 316/275/1 268/274/1
f 317/278/1 268/274/1 267/279/1
f 245/277/1 339/4/1 338/280/1
f 318/281/1 317/278/1 267/279/1
f 318/281/1 267/279/1 266/282/1
f 246/283/1 245/277/1 338/280/1
f 246/283/1 338/280/1 337/284/1
f 319/285/1 318/281/1 266/282/1
f 319/285/1 266/282/1 265/286/1
f 247/287/1 246/283/1 337/284/1
f 320/103/1 319/285/1 265/286/1
f 247/287/1 337/284/1 336/288/1
f 320/103/1 265/286/1 264/289/1
f 248/290/1 247/287/1 336/288/1
f 321/291/1 320/103/1 264/289/1
f 248/290/1 336/288/1 335/292/1
f 322/293/1 321/291/1 264/289/1
f 248/290/1 335/292/1 334/294/1
f 322/293/1 264/289/1 263/101/1
f 249/295/1 248/290/1 334/294/1
f 323/296/1 322/293/1 263/101/1
f 249/295/1 334/294/1 333/297/1
f 324/298/1 323/296/1 263/101/1
f 249/295/1 333/297/1 332/299/1
f 324/298/1 263/101/1 262/300/1
f 250/301/1 249/295/1 332/299/1
f 325/302/1 324/298/1 262/300/1
f 250/301/1 332/299/1 331/303/1
f 326/304/1 325/302/1 262/300/1
f 250/301/1 331/303/1 330/305/1
f 326/304/1 262/300/1 261/306/1
f 251/307/1 250/301/1 330/305/1
f 327/308/1 326/304/1 261/306/1
f 251/307/1 330/305/1 329/309/1
f 328/310/1 327/308/1 261/306/1
f 251/307/1 329/309/1 328/310/1
f 251/307/1 328/310/1 261/306/1
f 251/307/1 261/306/1 260/311/1
f 252/312/1 251/307/1 260/311/1
f 252/312/1 260/311/1 259/313/1
f 253/314/1 252/312/1 259/313/1
f 253/314/1 259/313/1 258/315/1
f 254/316/1 253/314/1 258/315/1
f 254/316/1 258/315/1 257/317/1
f 255/318/1 254/316/1 257/317/1
f 255/318/1 257/317/1 256/319/1
f 342/1/1 341/2/1 340/3/1
f 342/1/1 340/3/1 347/4/1
f 343/5/2 342/1/2 347/4/2
f 344/6/1 343/5/1 346/7/1
f 346/7/3 343/5/3 347/4/3
f 344/6/1 346/7/1 345/8/1
f 350/149/1 349/112/1 358/141/1
f 358/141/1 349/112/1 348/3/1
f 358/141/1 348/3/1 359/4/1
f 350/149/1 358/141/1 357/154/1
f 350/149/1 357/154/1 354/219/1
f 354/219/1 357/154/1 356/172/1
f 354/219/1 356/172/1 355/217/1
f 350/149/1 354/219/1 353/196/1
f 350/149/1 353/196/1 352/202/1
f 350/149/1 352/202/1 351/176/1
f 373/320/1 372/321/1 371/322/1
f 373/320/1 371/322/1 370/323/1
f 373/320/1 370/323/1 369/324/1
f 374/325/1 373/320/1 369/324/1
f 374/325/1 369/324/1 368/326/1
f 374/325/1 368/326/1 367/327/1
f 374/325/1 367/327/1 366/328/1
f 375/329/1 374/325/1 366/328/1
f 375/329/1 366/328/1 365/330/1
f 375/329/1 365/330/1 364/331/1
f 375/329/1 364/331/1 363/332/1
f 376/333/1 375/329/1 363/332/1
f 376/333/1 363/332/1 362/334/1
f 376/333/1 362/334/1 361/335/1
f 376/333/1 361/335/1 360/3/1
f 377/336/1 376/333/1 360/3/1
f 377/336/1 360/3/1 447/337/1
f 447/337/1 360/3/1 448/338/1
f 448/338/1 360/3/1 449/339/1
f 449/339/1 360/3/1 450/340/1
f 450/340/1 360/3/1 451/341/1
f 451/341/1 360/3/1 452/342/1
f 452/342/1 360/3/1 453/343/1
f 453/343/1 360/3/1 454/344/1
f 454/344/1 360/3/1 455/345/1
f 455/345/1 360/3/1 456/346/1
f 456/346/1 360/3/1 457/4/1
f 378/347/1 377/336/1 445/348/1
f 445/348/1 377/336/1 446/349/1
f 446/349/4 377/336/4 447/337/4
f 378/347/1 445/348/1 444/350/1
f 378/347/1 444/350/1 443/351/1
f 378/347/1 443/351/1 442/352/1
f 379/353/1 378/347/1 442/352/1
f 379/353/1 442/352/1 441/354/1
f 379/353/1 441/354/1 440/355/1
f 380/356/1 379/353/1 440/355/1
f 380/356/1 440/355/1 439/357/1
f 380/356/1 439/357/1 438/358/1
f 381/359/1 380/356/1 438/358/1
f 381/359/1 438/358/1 437/360/1
f 382/361/1 381/359/1 437/360/1
f 382/361/1 437/360/1 436/362/1
f 382/361/1 436/362/1 435/363/1
f 383/364/1 382/361/1 435/363/1
f 383/364/1 435/363/1 434/365/1
f 384/366/1 383/364/1 434/365/1
f 384/366/1 434/365/1 433/367/1
f 384/366/1 433/367/1 432/368/1
f 385/369/1 384/366/1 432/368/1
f 385/369/1 432/368/1 431/370/1
f 386/371/1 385/369/1 431/370/1
f 386/371/1 431/370/1 430/372/1
f 387/373/1 386/371/1 430/372/1
f 387/373/1 430/372/1 429/374/1
f 388/375/1 387/373/1 429/374/1
f 388/375/1 429/374/1 428/376/1
f 389/377/1 388/375/1 428/376/1
f 389/377/1 428/376/1 427/378/1
f 410/379/1 409/380/1 408/381/1
f 389/377/1 427/378/1 426/382/1
f 411/383/1 410/379/1 408/381/1
f 390/384/1 389/377/1 426/382/1
f 412/385/1 411/383/1 408/381/1
f 390/384/1 426/382/1 425/386/1
f 413/387/1 412/385/1 408/381/1
f 414/388/1 413/387/1 408/381/1
f 390/384/1 425/386/1 424/389/1
f 415/390/1 414/388/1 408/381/1
f 391/391/1 390/384/1 424/389/1
f 416/392/1 415/390/1 408/381/1
f 391/391/1 424/389/1 423/393/1
f 417/394/1 416/392/1 408/381/1
f 418/395/1 417/394/1 408/381/1
f 391/391/1 423/393/1 422/396/1
f 419/397/1 418/395/1 408/381/1
f 420/398/1 419/397/1 408/381/1
f 391/391/1 422/396/1 421/399/1
f 421/399/1 420/398/1 408/381/1
f 391/391/1 421/399/1 408/381/1
f 392/400/1 391/391/1 408/381/1
f 392/400/1 408/381/1 407/401/1
f 393/402/1 392/400/1 407/401/1
f 393/402/1 407/401/1 406/403/1
f 393/402/1 406/403/1 405/404/1
f 393/402/1 405/404/1 404/405/1
f 394/406/1 393/402/1 404/405/1
f 394/406/1 404/405/1 403/407/1
f 394/406/1 403/407/1 402/408/1
f 394/406/1 402/408/1 401/409/1
f 395/410/1 394/406/1 401/409/1
f 395/410/1 401/409/1 400/411/1
f 395/410/1 400/411/1 399/412/1
f 395/410/1 399/412/1 398/413/1
f 396/414/1 395/410/1 398/413/1
f 396/414/1 398/413/1 397/415/1
f 460/101/1 459/102/1 458/3/1
f 460/101/1 458/3/1 466/103/1
f 466/103/1 458/3/1 465/104/1
f 460/101/1 466/103/1 468/4/1
f 467/105/1 466/103/1 465/104/1
f 460/101/1 468/4/1 462/106/1
f 462/106/1 468/4/1 467/105/1
f 462/106/1 467/105/1 463/107/1
f 463/107/1 467/105/1 465/104/1
f 460/101/1 462/106/1 461/108/1
f 464/109/1 463/107/1 465/104/1
f 470/416/1 469/3/1 498/417/1
f 498/417/1 469/3/1 497/418/1
f 498/417/1 497/418/1 496/419/1
f 498/417/1 496/419/1 495/420/1
f 498/417/1 495/420/1 494/196/1
f 498/417/1 494/196/1 493/421/1
f 498/417/1 493/421/1 492/422/1
f 498/417/1 492/422/1 491/106/1
f 498/417/1 491/106/1 490/423/1
f 498/417/1 490/423/1 499/219/1
f 499/219/1 490/423/1 489/202/1
f 470/416/1 498/417/1 524/4/1
f 500/424/1 499/219/1 489/202/1
f 501/425/1 500/424/1 489/202/1
f 502/109/1 501/425/1 489/202/1
f 502/109/1 489/202/1 488/426/1
f 503/427/1 502/109/1 488/426/1
f 504/217/1 503/427/1 488/426/1
f 505/428/1 504/217/1 488/426/1
f 505/428/1 488/426/1 487/429/1
f 506/430/1 505/428/1 487/429/1
f 507/431/1 506/430/1 487/429/1
f 508/432/1 507/431/1 487/429/1
f 508/432/1 487/429/1 486/433/1
f 509/172/1 508/432/1 486/433/1
f 510/434/1 509/172/1 486/433/1
f 510/434/1 486/433/1 485/435/1
f 511/436/1 510/434/1 485/435/1
f 512/437/1 511/436/1 485/435/1
f 512/437/1 485/435/1 484/176/1
f 513/103/1 512/437/1 484/176/1
f 513/103/1 484/176/1 483/438/1
f 514/154/1 513/103/1 483/438/1
f 515/439/1 514/154/1 483/438/1
f 515/439/1 483/438/1 482/440/1
f 516/441/1 515/439/1 482/440/1
f 517/442/1 516/441/1 482/440/1
f 517/442/1 482/440/1 481/443/1
f 518/444/1 517/442/1 481/443/1
f 519/141/1 518/444/1 481/443/1
f 520/445/1 519/141/1 481/443/1
f 521/446/1 520/445/1 481/443/1
f 521/446/1 481/443/1 480/101/1
f 522/447/1 521/446/1 480/101/1
f 523/448/1 522/447/1 480/101/1
f 470/416/1 524/4/1 472/449/1
f 472/449/1 524/4/1 523/448/1
f 472/449/1 523/448/1 480/101/1
f 472/449/1 480/101/1 479/149/1
f 472/449/1 479/149/1 478/450/1
f 472/449/1 478/450/1 477/451/1
f 472/449/1 477/451/1 476/452/1
f 472/449/1 476/452/1 475/453/1
f 472/449/1 475/453/1 474/112/1
f 472/449/1 474/112/1 473/454/1
f 470/416/1 472/449/1 471/455/1
f 538/110/1 537/111/1 536/112/1
f 538/110/1 536/112/1 535/113/1
f 538/110/1 535/113/1 534/114/1
f 539/115/1 538/110/1 534/114/1
f 539/115/1 534/114/1 533/116/1
f 539/115/1 533/116/1 532/117/1
f 540/118/1 539/115/1 532/117/1
f 540/118/1 532/117/1 531/119/1
f 540/118/1 531/119/1 530/120/1
f 541/121/1 540/118/1 530/120/1
f 541/121/1 530/120/1 529/122/1
f 541/121/1 529/122/1 528/123/1
f 542/124/1 541/121/1 528/123/1
f 542/124/1 528/123/1 527/125/1
f 542/124/1 527/125/1 526/126/1
f 543/127/1 542/124/1 526/126/1
f 543/127/1 526/126/1 525/3/1
f 543/127/1 525/3/1 638/128/1
f 638/128/1 525/3/1 639/129/1
f 639/129/1 525/3/1 640/130/1
f 640/130/1 525/3/1 641/131/1
f 641/131/1 525/3/1 642/132/1
f 642/132/1 525/3/1 643/133/1
f 643/133/1 525/3/1 644/134/1
f 644/134/1 525/3/1 645/135/1
f 645/135/1 525/3/1 646/4/1
f 544/136/1 543/127/1 636/137/1
f 636/137/1 543/127/1 637/138/1
f 637/138/5 543/127/5 638/128/5
f 545/139/1 544/136/1 634/140/1
f 634/140/1 544/136/1 635/141/1
f 635/141/1 544/136/1 636/137/1
f 546/142/1 545/139/1 633/143/1
f 633/143/1 545/139/1 634/140/1
f 546/142/1 633/143/1 632/144/1
f 546/142/1 632/144/1 631/145/1
f 546/142/1 631/145/1 630/146/1
f 546/142/1 630/146/1 629/147/1
f 546/142/1 629/147/1 628/148/1
f 547/149/1 546/142/1 628/148/1
f 547/149/1 628/148/1 627/150/1
f 547/149/1 627/150/1 626/151/1
f 547/149/1 626/151/1 625/152/1
f 548/153/1 547/149/1 625/152/1
f 548/153/1 625/152/1 624/154/1
f 548/153/1 624/154/1 623/155/1
f 549/156/1 548/153/1 623/155/1
f 549/156/1 623/155/1 622/157/1
f 549/156/1 622/157/1 621/158/1
f 550/159/1 549/156/1 621/158/1
f 550/159/1 621/158/1 620/160/1
f 550/159/1 620/160/1 619/161/1
f 551/162/1 550/159/1 619/161/1
f 551/162/1 619/161/1 618/163/1
f 552/164/1 551/162/1 618/163/1
f 552/164/1 618/163/1 617/165/1
f 552/164/1 617/165/1 616/166/1
f 553/167/1 552/164/1 616/166/1
f 553/167/1 616/166/1 615/168/1
f 554/169/1 553/167/1 615/168/1
f 554/169/1 615/168/1 614/170/1
f 555/171/1 554/169/1 614/170/1
f 555/171/1 614/170/1 613/172/1
f 556/173/1 555/171/1 613/172/1
f 556/173/1 613/172/1 612/174/1
f 557/175/1 556/173/1 612/174/1
f 558/176/1 557/175/1 612/174/1
f 558/176/1 612/174/1 611/177/1
f 559/178/1 558/176/1 611/177/1
f 560/179/1 559/178/1 611/177/1
f 560/179/1 611/177/1 610/180/1
f 561/181/1 560/179/1 610/180/1
f 586/182/1 585/183/1 584/184/1
f 561/181/1 610/180/1 609/185/1
f 562/186/1 561/181/1 609/185/1
f 586/182/1 584/184/1 583/187/1
f 563/188/1 562/186/1 609/185/1
f 563/188/1 609/185/1 608/189/1
f 586/182/1 583/187/1 582/190/1
f 564/191/1 563/188/1 608/189/1
f 586/182/1 582/190/1 581/192/1
f 565/193/1 564/191/1 608/189/1
f 566/194/1 565/193/1 608/189/1
f 566/194/1 608/189/1 607/195/1
f 586/182/1 581/192/1 580/196/1
f 567/197/1 566/194/1 607/195/1
f 586/182/1 580/196/1 579/198/1
f 568/199/1 567/197/1 607/195/1
f 586/182/1 579/198/1 578/200/1
f 568/199/1 607/195/1 606/201/1
f 569/202/1 568/199/1 606/201/1
f 586/182/1 578/200/1 577/203/1
f 570/204/1 569/202/1 606/201/1
f 586/182/1 577/203/1 576/205/1
f 571/206/1 570/204/1 606/201/1
f 586/182/1 576/205/1 575/207/1
f 572/208/1 571/206/1 606/201/1
f 586/182/1 575/207/1 574/209/1
f 572/208/1 606/201/1 605/210/1
f 573/211/1 572/208/1 605/210/1
f 586/182/1 574/209/1 573/211/1
f 586/182/1 573/211/1 605/210/1
f 586/182/1 605/210/1 604/212/1
f 587/213/1 586/182/1 604/212/1
f 588/214/1 587/213/1 604/212/1
f 588/214/1 604/212/1 603/215/1
f 589/216/1 588/214/1 603/215/1
f 589/216/1 603/215/1 602/217/1
f 590/218/1 589/216/1 602/217/1
f 591/219/1 590/218/1 602/217/1
f 591/219/1 602/217/1 601/220/1
f 592/221/1 591/219/1 601/220/1
f 593/222/1 592/221/1 601/220/1
f 593/222/1 601/220/1 600/223/1
f 594/224/1 593/222/1 600/223/1
f 595/225/1 594/224/1 600/223/1
f 595/225/1 600/223/1 599/226/1
f 596/227/1 595/225/1 599/226/1
f 597/228/1 596/227/1 599/226/1
f 597/228/1 599/226/1 598/229/1
f 660/110/1 659/111/1 658/112/1
f 660/110/1 658/112/1 657/113/1
f 660/110/1 657/113/1 656/114/1
f 661/115/1 660/110/1 656/114/1
f 661/115/1 656/114/1 655/116/1
f 661/115/1 655/116/1 654/117/1
f 662/118/1 661/115/1 654/117/1
f 662/118/1 654/117/1 653/119/1
f 662/118/1 653/119/1 652/120/1
f 663/121/1 662/118/1 652/120/1
f 663/121/1 652/120/1 651/122/1
f 663/121/1 651/122/1 650/123/1
f 664/124/1 663/121/1 650/123/1
f 664/124/1 650/123/1 649/125/1
f 664/124/1 649/125/1 648/126/1
f 665/127/1 664/124/1 648/126/1
f 665/127/1 648/126/1 647/3/1
f 665/127/1 647/3/1 760/128/1
f 760/128/1 647/3/1 761/129/1
f 761/129/1 647/3/1 762/130/1
f 762/130/1 647/3/1 763/131/1
f 763/131/1 647/3/1 764/132/1
f 764/132/1 647/3/1 765/133/1
f 765/133/1 647/3/1 766/134/1
f 766/134/1 647/3/1 767/135/1
f 767/135/1 647/3/1 768/4/1
f 666/136/1 665/127/1 758/137/1
f 758/137/1 665/127/1 759/138/1
f 759/138/1 665/127/1 760/128/1
f 667/139/1 666/136/1 756/140/1
f 756/140/1 666/136/1 757/141/1
f 757/141/1 666/136/1 758/137/1
f 668/142/1 667/139/1 755/143/1
f 755/143/1 667/139/1 756/140/1
f 668/142/1 755/143/1 754/144/1
f 668/142/1 754/144/1 753/145/1
f 668/142/1 753/145/1 752/146/1
f 668/142/1 752/146/1 751/147/1
f 668/142/1 751/147/1 750/148/1
f 669/149/1 668/142/1 750/148/1
f 669/149/1 750/148/1 749/150/1
f 669/149/1 749/150/1 748/151/1
f 669/149/1 748/151/1 747/152/1
f 670/153/1 669/149/1 747/152/1
f 670/153/1 747/152/1 746/154/1
f 670/153/1 746/154/1 745/155/1
f 671/156/1 670/153/1 745/155/1
f 671/156/1 745/155/1 744/157/1
f 671/156/1 744/157/1 743/158/1
f 672/159/1 671/156/1 743/158/1
f 672/159/1 743/158/1 742/160/1
f 672/159/1 742/160/1 741/161/1
f 673/162/1 672/159/1 741/161/1
f 673/162/1 741/161/1 740/163/1
f 674/164/1 673/162/1 740/163/1
f 674/164/1 740/163/1 739/165/1
f 674/164/1 739/165/1 738/166/1
f 675/167/1 674/164/1 738/166/1
f 675/167/1 738/166/1 737/168/1
f 676/169/1 675/167/1 737/168/1
f 676/169/1 737/168/1 736/170/1
f 677/171/1 676/169/1 736/170/1
f 677/171/1 736/170/1 735/172/1
f 678/173/1 677/171/1 735/172/1
f 678/173/1 735/172/1 734/174/1
f 679/175/1 678/173/1 734/174/1
f 680/176/1 679/175/1 734/174/1
f 680/176/1 734/174/1 733/177/1
f 681/178/1 680/176/1 733/177/1
f 682/179/1 681/178/1 733/177/1
f 682/179/1 733/177/1 732/180/1
f 683/181/1 682/179/1 732/180/1
f 708/182/1 707/183/1 706/184/1
f 683/181/1 732/180/1 731/185/1
f 684/186/1 683/181/1 731/185/1
f 708/182/1 706/184/1 705/187/1
f 685/188/1 684/186/1 731/185/1
f 685/188/1 731/185/1 730/189/1
f 708/182/1 705/187/1 704/190/1
f 686/191/1 685/188/1 730/189/1
f 708/182/1 704/190/1 703/192/1
f 687/193/1 686/191/1 730/189/1
f 688/194/1 687/193/1 730/189/1
f 688/194/1 730/189/1 729/195/1
f 708/182/1 703/192/1 702/196/1
f 689/197/1 688/194/1 729/195/1
f 708/182/1 702/196/1 701/198/1
f 690/199/1 689/197/1 729/195/1
f 708/182/1 701/198/1 700/200/1
f 690/199/1 729/195/1 728/201/1
f 691/202/1 690/199/1 728/201/1
f 708/182/1 700/200/1 699/203/1
f 692/204/1 691/202/1 728/201/1
f 708/182/1 699/203/1 698/205/1
f 693/206/1 692/204/1 728/201/1
f 708/182/1 698/205/1 697/207/1
f 694/208/1 693/206/1 728/201/1
f 708/182/1 697/207/1 696/209/1
f 694/208/1 728/201/1 727/210/1
f 695/211/1 694/208/1 727/210/1
f 708/182/1 696/209/1 695/211/1
f 708/182/1 695/211/1 727/210/1
f 708/182/1 727/210/1 726/212/1
f 709/213/1 708/182/1 726/212/1
f 710/214/1 709/213/1 726/212/1
f 710/214/1 726/212/1 725/215/1
f 711/216/1 710/214/1 725/215/1
f 711/216/1 725/215/1 724/217/1
f 712/218/1 711/216/1 724/217/1
f 713/219/1 712/218/1 724/217/1
f 713/219/1 724/217/1 723/220/1
f 714/221/1 713/219/1 723/220/1
f 715/222/1 714/221/1 723/220/1
f 715/222/1 723/220/1 722/223/1
f 716/224/1 715/222/1 722/223/1
f 717/225/1 716/224/1 722/223/1
f 717/225/1 722/223/1 721/226/1
f 718/227/1 717/225/1 721/226/1
f 719/228/1 718/227/1 721/226/1
f 719/228/1 721/226/1 720/229/1
f 782/110/1 781/111/1 780/112/1
f 782/110/1 780/112/1 779/113/1
f 782/110/1 779/113/1 778/114/1
f 783/115/1 782/110/1 778/114/1
f 783/115/1 778/114/1 777/116/1
f 783/115/1 777/116/1 776/117/1
f 784/118/1 783/115/1 776/117/1
f 784/118/1 776/117/1 775/119/1
f 784/118/1 775/119/1 774/120/1
f 785/121/1 784/118/1 774/120/1
f 785/121/1 774/120/1 773/122/1
f 785/121/1 773/122/1 772/123/1
f 786/124/1 785/121/1 772/123/1
f 786/124/1 772/123/1 771/125/1
f 786/124/1 771/125/1 770/126/1
f 787/127/1 786/124/1 770/126/1
f 787/127/1 770/126/1 769/3/1
f 787/127/1 769/3/1 882/128/1
f 882/128/1 769/3/1 883/129/1
f 883/129/1 769/3/1 884/130/1
f 884/130/1 769/3/1 885/131/1
f 885/131/1 769/3/1 886/132/1
f 886/132/1 769/3/1 887/133/1
f 887/133/1 769/3/1 888/134/1
f 888/134/1 769/3/1 889/135/1
f 889/135/1 769/3/1 890/4/1
f 788/136/1 787/127/1 880/137/1
f 880/137/1 787/127/1 881/138/1
f 881/138/1 787/127/1 882/128/1
f 789/139/1 788/136/1 878/140/1
f 878/140/1 788/136/1 879/141/1
f 879/141/1 788/136/1 880/137/1
f 790/142/1 789/139/1 877/143/1
f 877/143/1 789/139/1 878/140/1
f 790/142/1 877/143/1 876/144/1
f 790/142/1 876/144/1 875/145/1
f 790/142/1 875/145/1 874/146/1
f 790/142/1 874/146/1 873/147/1
f 790/142/1 873/147/1 872/148/1
f 791/149/1 790/142/1 872/148/1
f 791/149/1 872/148/1 871/150/1
f 791/149/1 871/150/1 870/151/1
f 791/149/1 870/151/1 869/152/1
f 792/153/1 791/149/1 869/152/1
f 792/153/1 869/152/1 868/154/1
f 792/153/1 868/154/1 867/155/1
f 793/156/1 792/153/1 867/155/1
f 793/156/1 867/155/1 866/157/1
f 793/156/1 866/157/1 865/158/1
f 794/159/1 793/156/1 865/158/1
f 794/159/1 865/158/1 864/160/1
f 794/159/1 864/160/1 863/161/1
f 795/162/1 794/159/1 863/161/1
f 795/162/1 863/161/1 862/163/1
f 796/164/1 795/162/1 862/163/1
f 796/164/1 862/163/1 861/165/1
f 796/164/1 861/165/1 860/166/1
f 797/167/1 796/164/1 860/166/1
f 797/167/1 860/166/1 859/168/1
f 798/169/1 797/167/1 859/168/1
f 798/169/1 859/168/1 858/170/1
f 799/171/1 798/169/1 858/170/1
f 799/171/1 858/170/1 857/172/1
f 800/173/1 799/171/1 857/172/1
f 800/173/1 857/172/1 856/174/1
f 801/175/1 800/173/1 856/174/1
f 802/176/1 801/175/1 856/174/1
f 802/176/1 856/174/1 855/177/1
f 803/178/1 802/176/1 855/177/1
f 804/179/1 803/178/1 855/177/1
f 804/179/1 855/177/1 854/180/1
f 805/181/1 804/179/1 854/180/1
f 830/182/1 829/183/1 828/184/1
f 805/181/1 854/180/1 853/185/1
f 806/186/1 805/181/1 853/185/1
f 830/182/1 828/184/1 827/187/1
f 807/188/1 806/186/1 853/185/1
f 807/188/1 853/185/1 852/189/1
f 830/182/1 827/187/1 826/190/1
f 808/191/1 807/188/1 852/189/1
f 830/182/1 826/190/1 825/192/1
f 809/193/1 808/191/1 852/189/1
f 810/194/1 809/193/1 852/189/1
f 810/194/1 852/189/1 851/195/1
f 830/182/1 825/192/1 824/196/1
f 811/197/1 810/194/1 851/195/1
f 830/182/1 824/196/1 823/198/1
f 812/199/1 811/197/1 851/195/1
f 830/182/1 823/198/1 822/200/1
f 812/199/1 851/195/1 850/201/1
f 813/202/1 812/199/1 850/201/1
f 830/182/1 822/200/1 821/203/1
f 814/204/1 813/202/1 850/201/1
f 830/182/1 821/203/1 820/205/1
f 815/206/1 814/204/1 850/201/1
f 830/182/1 820/205/1 819/207/1
f 816/208/1 815/206/1 850/201/1
f 830/182/1 819/207/1 818/209/1
f 816/208/1 850/201/1 849/210/1
f 817/211/1 816/208/1 849/210/1
f 830/182/1 818/209/1 817/211/1
f 830/182/1 817/211/1 849/210/1
f 830/182/1 849/210/1 848/212/1
f 831/213/1 830/182/1 848/212/1
f 832/214/1 831/213/1 848/212/1
f 832/214/1 848/212/1 847/215/1
f 833/216/1 832/214/1 847/215/1
f 833/216/1 847/215/1 846/217/1
f 834/218/1 833/216/1 846/217/1
f 835/219/1 834/218/1 846/217/1
f 835/219/1 846/217/1 845/220/1
f 836/221/1 835/219/1 845/220/1
f 837/222/1 836/221/1 845/220/1
f 837/222/1 845/220/1 844/223/1
f 838/224/1 837/222/1 844/223/1
f 839/225/1 838/224/1 844/223/1
f 839/225/1 844/223/1 843/226/1
f 840/227/1 839/225/1 843/226/1
f 841/228/1 840/227/1 843/226/1
f 841/228/1 843/226/1 842/229/1
f 893/149/1 892/112/1 901/141/1
f 901/141/1 892/112/1 891/3/1
f 901/141/1 891/3/1 902/4/1
f 893/149/1 901/141/1 900/154/1
f 893/149/1 900/154/1 897/219/1
f 897/219/1 900/154/1 899/172/1
f 897/219/1 899/172/1 898/217/1
f 893/149/1 897/219/1 896/196/1
f 893/149/1 896/196/1 895/202/1
f 893/149/1 895/202/1 894/176/1
f 904/9/1 903/3/1 970/10/1
f 970/10/1 903/3/1 969/11/1
f 970/10/1 969/11/1 968/12/1
f 970/10/1 968/12/1 967/13/1
f 970/10/1 967/13/1 966/14/1
f 970/10/1 966/14/1 965/15/1
f 970/10/1 965/15/1 964/16/1
f 970/10/1 964/16/1 963/17/1
f 970/10/1 963/17/1 962/18/1
f 970/10/1 962/18/1 971/19/1
f 971/19/1 962/18/1 961/20/1
f 904/9/1 970/10/1 996/4/1
f 972/21/1 971/19/1 961/20/1
f 973/22/1 972/21/1 961/20/1
f 974/23/1 973/22/1 961/20/1
f 974/23/1 961/20/1 960/24/1
f 975/25/1 974/23/1 960/24/1
f 976/26/1 975/25/1 960/24/1
f 977/27/1 976/26/1 960/24/1
f 977/27/1 960/24/1 959/28/1
f 978/29/1 977/27/1 959/28/1
f 979/30/1 978/29/1 959/28/1
f 980/31/1 979/30/1 959/28/1
f 980/31/1 959/28/1 958/32/1
f 981/33/1 980/31/1 958/32/1
f 982/34/1 981/33/1 958/32/1
f 982/34/1 958/32/1 957/35/1
f 983/36/1 982/34/1 957/35/1
f 984/37/1 983/36/1 957/35/1
f 984/37/1 957/35/1 956/38/1
f 985/39/1 984/37/1 956/38/1
f 985/39/1 956/38/1 955/40/1
f 986/41/1 985/39/1 955/40/1
f 987/42/1 986/41/1 955/40/1
f 987/42/1 955/40/1 954/43/1
f 988/44/1 987/42/1 954/43/1
f 988/44/1 954/43/1 953/45/1
f 989/46/1 988/44/1 953/45/1
f 989/46/1 953/45/1 952/47/1
f 990/48/1 989/46/1 952/47/1
f 991/49/1 990/48/1 952/47/1
f 991/49/1 952/47/1 951/50/1
f 992/51/1 991/49/1 951/50/1
f 993/52/1 992/51/1 951/50/1
f 993/52/1 951/50/1 950/53/1
f 994/54/1 993/52/1 950/53/1
f 995/55/1 994/54/1 950/53/1
f 904/9/1 996/4/1 906/56/1
f 906/56/1 996/4/1 995/55/1
f 906/56/1 995/55/1 950/53/1
f 906/56/1 950/53/1 949/57/1
f 906/56/1 949/57/1 948/58/1
f 906/56/1 948/58/1 947/59/1
f 906/56/1 947/59/1 946/60/1
f 906/56/1 946/60/1 945/61/1
f 906/56/1 945/61/1 944/62/1
f 906/56/1 944/62/1 943/63/1
f 906/56/1 943/63/1 907/64/1
f 907/64/1 943/63/1 908/65/1
f 908/65/1 943/63/1 942/66/1
f 904/9/1 906/56/1 905/67/1
f 909/68/1 908/65/1 942/66/1
f 910/69/1 909/68/1 942/66/1
f 911/70/1 910/69/1 942/66/1
f 911/70/1 942/66/1 941/71/1
f 912/72/1 911/70/1 941/71/1
f 913/73/1 912/72/1 941/71/1
f 913/73/1 941/71/1 940/74/1
f 914/75/1 913/73/1 940/74/1
f 914/75/1 940/74/1 939/76/1
f 915/77/1 914/75/1 939/76/1
f 915/77/1 939/76/1 938/78/1
f 916/79/1 915/77/1 938/78/1
f 916/79/1 938/78/1 937/80/1
f 917/81/1 916/79/1 937/80/1
f 917/81/1 937/80/1 936/82/1
f 918/83/1 917/81/1 936/82/1
f 918/83/1 936/82/1 935/84/1
f 918/83/1 935/84/1 934/85/1
f 919/86/1 918/83/1 934/85/1
f 919/86/1 934/85/1 933/87/1
f 920/88/1 919/86/1 933/87/1
f 920/88/1 933/87/1 932/89/1
f 920/88/1 932/89/1 931/90/1
f 920/88/1 931/90/1 930/91/1
f 920/88/1 930/91/1 929/92/1
f 920/88/1 929/92/1 928/93/1
f 920/88/1 928/93/1 927/94/1
f 920/88/1 927/94/1 926/95/1
f 920/88/1 926/95/1 925/96/1
f 920/88/1 925/96/1 924/97/1
f 920/88/1 924/97/1 923/98/1
f 920/88/1 923/98/1 922/99/1
f 920/88/1 922/99/1 921/100/1
f 998/416/1 997/3/1 1026/417/1
f 1026/417/1 997/3/1 1025/418/1
f 1026/417/1 1025/418/1 1024/419/1
f 1026/417/1 1024/419/1 1023/420/1
f 1026/417/1 1023/420/1 1022/196/1
f 1026/417/1 1022/196/1 1021/421/1
f 1026/417/1 1021/421/1 1020/422/1
f 1026/417/1 1020/422/1 1019/106/1
f 1026/417/1 1019/106/1 1018/423/1
f 1026/417/1 1018/423/1 1027/219/1
f 1027/219/1 1018/423/1 1017/202/1
f 998/416/1 1026/417/1 1052/4/1
f 1028/424/1 1027/219/1 1017/202/1
f 1029/425/1 1028/424/1 1017/202/1
f 1030/109/1 1029/425/1 1017/202/1
f 1030/109/1 1017/202/1 1016/426/1
f 1031/427/1 1030/109/1 1016/426/1
f 1032/217/1 1031/427/1 1016/426/1
f 1033/428/1 1032/217/1 1016/426/1
f 1033/428/1 1016/426/1 1015/429/1
f 1034/430/1 1033/428/1 1015/429/1
f 1035/431/1 1034/430/1 1015/429/1
f 1036/432/1 1035/431/1 1015/429/1
f 1036/432/1 1015/429/1 1014/433/1
f 1037/172/1 1036/432/1 1014/433/1
f 1038/434/1 1037/172/1 1014/433/1
f 1038/434/1 1014/433/1 1013/435/1
f 1039/436/1 1038/434/1 1013/435/1
f 1040/437/1 1039/436/1 1013/435/1
f 1040/437/1 1013/435/1 1012/176/1
f 1041/103/1 1040/437/1 1012/176/1
f 1041/103/1 1012/176/1 1011/438/1
f 1042/154/1 1041/103/1 1011/438/1
f 1043/439/1 1042/154/1 1011/438/1
f 1043/439/1 1011/438/1 1010/440/1
f 1044/441/1 1043/439/1 1010/440/1
f 1045/442/1 1044/441/1 1010/440/1
f 1045/442/1 1010/440/1 1009/443/1
f 1046/444/1 1045/442/1 1009/443/1
f 1047/141/1 1046/444/1 1009/443/1
f 1048/445/1 1047/141/1 1009/443/1
f 1049/446/1 1048/445/1 1009/443/1
f 1049/446/1 1009/443/1 1008/101/1
f 1050/447/1 1049/446/1 1008/101/1
f 1051/448/1 1050/447/1 1008/101/1
f 998/416/1 1052/4/1 1000/449/1
f 1000/449/1 1052/4/1 1051/448/1
f 1000/449/1 1051/448/1 1008/101/1
f 1000/449/1 1008/101/1 1007/149/1
f 1000/449/1 1007/149/1 1006/450/1
f 1000/449/1 1006/450/1 1005/451/1
f 1000/449/1 1005/451/1 1004/452/1
f 1000/449/1 1004/452/1 1003/453/1
f 1000/449/1 1003/453/1 1002/112/1
f 1000/449/1 1002/112/1 1001/454/1
f 998/416/1 1000/449/1 999/455/1
f 1055/1/6 1053/3/6 1054/2/6
f 1055/1/6 1060/4/6 1053/3/6
f 1056/5/3 1060/4/3 1055/1/3
f 1057/6/6 1059/7/6 1056/5/6
f 1059/7/2 1060/4/2 1056/5/2
f 1057/6/6 1058/8/6 1059/7/6
f 1062/9/6 1128/10/6 1061/3/6
f 1128/10/6 1127/11/6 1061/3/6
f 1128/10/6 1126/12/6 1127/11/6
f 1128/10/6 1125/13/6 1126/12/6
f 1128/10/6 1124/14/6 1125/13/6
f 1128/10/6 1123/15/6 1124/14/6
f 1128/10/6 1122/16/6 1123/15/6
f 1128/10/6 1121/17/6 1122/16/6
f 1128/10/6 1120/18/6 1121/17/6
f 1128/10/6 1129/19/6 1120/18/6
f 1129/19/6 1119/20/6 1120/18/6
f 1062/9/6 1154/4/6 1128/10/6
f 1130/21/6 1119/20/6 1129/19/6
f 1131/22/6 1119/20/6 1130/21/6
f 1132/23/6 1119/20/6 1131/22/6
f 1132/23/6 1118/24/6 1119/20/6
f 1133/25/6 1118/24/6 1132/23/6
f 1134/26/6 1118/24/6 1133/25/6
f 1135/27/6 1118/24/6 1134/26/6
f 1135/27/6 1117/28/6 1118/24/6
f 1136/29/6 1117/28/6 1135/27/6
f 1137/30/6 1117/28/6 1136/29/6
f 1138/31/6 1117/28/6 1137/30/6
f 1138/31/6 1116/32/6 1117/28/6
f 1139/33/6 1116/32/6 1138/31/6
f 1140/34/6 1116/32/6 1139/33/6
f 1140/34/6 1115/35/6 1116/32/6
f 1141/36/6 1115/35/6 1140/34/6
f 1142/37/6 1115/35/6 1141/36/6
f 1142/37/6 1114/38/6 1115/35/6
f 1143/39/6 1114/38/6 1142/37/6
f 1143/39/6 1113/40/6 1114/38/6
f 1144/41/6 1113/40/6 1143/39/6
f 1145/42/6 1113/40/6 1144/41/6
f 1145/42/6 1112/43/6 1113/40/6
f 1146/44/6 1112/43/6 1145/42/6
f 1146/44/6 1111/45/6 1112/43/6
f 1147/46/6 1111/45/6 1146/44/6
f 1147/46/6 1110/47/6 1111/45/6
f 1148/48/6 1110/47/6 1147/46/6
f 1149/49/6 1110/47/6 1148/48/6
f 1149/49/6 1109/50/6 1110/47/6
f 1150/51/6 1109/50/6 1149/49/6
f 1151/52/6 1109/50/6 1150/51/6
f 1151/52/6 1108/53/6 1109/50/6
f 1152/54/6 1108/53/6 1151/52/6
f 1153/55/6 1108/53/6 1152/54/6
f 1062/9/6 1064/56/6 1154/4/6
f 1064/56/6 1153/55/6 1154/4/6
f 1064/56/6 1108/53/6 1153/55/6
f 1064/56/6 1107/57/6 1108/53/6
f 1064/56/6 1106/58/6 1107/57/6
f 1064/56/6 1105/59/6 1106/58/6
f 1064/56/6 1104/60/6 1105/59/6
f 1064/56/6 1103/61/6 1104/60/6
f 1064/56/6 1102/62/6 1103/61/6
f 1064/56/6 1101/63/6 1102/62/6
f 1064/56/6 1065/64/6 1101/63/6
f 1065/64/6 1066/65/6 1101/63/6
f 1066/65/6 1100/66/6 1101/63/6
f 1062/9/6 1063/67/6 1064/56/6
f 1067/68/6 1100/66/6 1066/65/6
f 1068/69/6 1100/66/6 1067/68/6
f 1069/70/6 1100/66/6 1068/69/6
f 1069/70/6 1099/71/6 1100/66/6
f 1070/72/6 1099/71/6 1069/70/6
f 1071/73/6 1099/71/6 1070/72/6
f 1071/73/6 1098/74/6 1099/71/6
f 1072/75/6 1098/74/6 1071/73/6
f 1072/75/6 1097/76/6 1098/74/6
f 1073/77/6 1097/76/6 1072/75/6
f 1073/77/6 1096/78/6 1097/76/6
f 1074/79/6 1096/78/6 1073/77/6
f 1074/79/6 1095/80/6 1096/78/6
f 1075/81/6 1095/80/6 1074/79/6
f 1075/81/6 1094/82/6 1095/80/6
f 1076/83/6 1094/82/6 1075/81/6
f 1076/83/6 1093/84/6 1094/82/6
f 1076/83/6 1092/85/6 1093/84/6
f 1077/86/6 1092/85/6 1076/83/6
f 1077/86/6 1091/87/6 1092/85/6
f 1078/88/6 1091/87/6 1077/86/6
f 1078/88/6 1090/89/6 1091/87/6
f 1078/88/6 1089/90/6 1090/89/6
f 1078/88/6 1088/91/6 1089/90/6
f 1078/88/6 1087/92/6 1088/91/6
f 1078/88/6 1086/93/6 1087/92/6
f 1078/88/6 1085/94/6 1086/93/6
f 1078/88/6 1084/95/6 1085/94/6
f 1078/88/6 1083/96/6 1084/95/6
f 1078/88/6 1082/97/6 1083/96/6
f 1078/88/6 1081/98/6 1082/97/6
f 1078/88/6 1080/99/6 1081/98/6
f 1078/88/6 1079/100/6 1080/99/6
f 1157/101/6 1155/3/6 1156/102/6
f 1157/101/6 1163/103/6 1155/3/6
f 1163/103/6 1162/104/6 1155/3/6
f 1157/101/6 1165/4/6 1163/103/6
f 1164/105/6 1162/104/6 1163/103/6
f 1157/101/6 1159/106/6 1165/4/6
f 1159/106/6 1164/105/6 1165/4/6
f 1159/106/6 1160/107/6 1164/105/6
f 1160/107/6 1162/104/6 1164/105/6
f 1157/101/6 1158/108/6 1159/106/6
f 1161/109/6 1162/104/6 1160/107/6
f 1168/1/6 1166/3/6 1167/2/6
f 1168/1/6 1173/4/6 1166/3/6
f 1169/5/2 1173/4/2 1168/1/2
f 1170/6/6 1172/7/6 1169/5/6
f 1172/7/3 1173/4/3 1169/5/3
f 1170/6/6 1171/8/6 1172/7/6
f 1187/110/6 1185/112/6 1186/111/6
f 1187/110/6 1184/113/6 1185/112/6
f 1187/110/6 1183/114/6 1184/113/6
f 1188/115/6 1183/114/6 1187/110/6
f 1188/115/6 1182/116/6 1183/114/6
f 1188/115/6 1181/117/6 1182/116/6
f 1189/118/6 1181/117/6 1188/115/6
f 1189/118/6 1180/119/6 1181/117/6
f 1189/118/6 1179/120/6 1180/119/6
f 1190/121/6 1179/120/6 1189/118/6
f 1190/121/6 1178/122/6 1179/120/6
f 1190/121/6 1177/123/6 1178/122/6
f 1191/124/6 1177/123/6 1190/121/6
f 1191/124/6 1176/125/6 1177/123/6
f 1191/124/6 1175/126/6 1176/125/6
f 1192/127/6 1175/126/6 1191/124/6
f 1192/127/6 1174/3/6 1175/126/6
f 1192/127/6 1287/128/6 1174/3/6
f 1287/128/6 1288/129/6 1174/3/6
f 1288/129/6 1289/130/6 1174/3/6
f 1289/130/6 1290/131/6 1174/3/6
f 1290/131/6 1291/132/6 1174/3/6
f 1291/132/6 1292/133/6 1174/3/6
f 1292/133/6 1293/134/6 1174/3/6
f 1293/134/6 1294/135/6 1174/3/6
f 1294/135/6 1295/4/6 1174/3/6
f 1193/136/6 1285/137/6 1192/127/6
f 1285/137/6 1286/138/6 1192/127/6
f 1286/138/6 1287/128/6 1192/127/6
f 1194/139/6 1283/140/6 1193/136/6
f 1283/140/6 1284/141/6 1193/136/6
f 1284/141/6 1285/137/6 1193/136/6
f 1195/142/6 1282/143/6 1194/139/6
f 1282/143/6 1283/140/6 1194/139/6
f 1195/142/6 1281/144/6 1282/143/6
f 1195/142/6 1280/145/6 1281/144/6
f 1195/142/6 1279/146/6 1280/145/6
f 1195/142/6 1278/147/6 1279/146/6
f 1195/142/6 1277/148/6 1278/147/6
f 1196/149/6 1277/148/6 1195/142/6
f 1196/149/6 1276/150/6 1277/148/6
f 1196/149/6 1275/151/6 1276/150/6
f 1196/149/6 1274/152/6 1275/151/6
f 1197/153/6 1274/152/6 1196/149/6
f 1197/153/6 1273/154/6 1274/152/6
f 1197/153/6 1272/155/6 1273/154/6
f 1198/156/6 1272/155/6 1197/153/6
f 1198/156/6 1271/157/6 1272/155/6
f 1198/156/6 1270/158/6 1271/157/6
f 1199/159/6 1270/158/6 1198/156/6
f 1199/159/6 1269/160/6 1270/158/6
f 1199/159/6 1268/161/6 1269/160/6
f 1200/162/6 1268/161/6 1199/159/6
f 1200/162/6 1267/163/6 1268/161/6
f 1201/164/6 1267/163/6 1200/162/6
f 1201/164/6 1266/165/6 1267/163/6
f 1201/164/6 1265/166/6 1266/165/6
f 1202/167/6 1265/166/6 1201/164/6
f 1202/167/6 1264/168/6 1265/166/6
f 1203/169/6 1264/168/6 1202/167/6
f 1203/169/6 1263/170/6 1264/168/6
f 1204/171/6 1263/170/6 1203/169/6
f 1204/171/6 1262/172/6 1263/170/6
f 1205/173/6 1262/172/6 1204/171/6
f 1205/173/6 1261/174/6 1262/172/6
f 1206/175/6 1261/174/6 1205/173/6
f 1207/176/6 1261/174/6 1206/175/6
f 1207/176/6 1260/177/6 1261/174/6
f 1208/178/6 1260/177/6 1207/176/6
f 1209/179/6 1260/177/6 1208/178/6
f 1209/179/6 1259/180/6 1260/177/6
f 1210/181/6 1259/180/6 1209/179/6
f 1235/182/6 1233/184/6 1234/183/6
f 1210/181/6 1258/185/6 1259/180/6
f 1211/186/6 1258/185/6 1210/181/6
f 1235/182/6 1232/187/6 1233/184/6
f 1212/188/6 1258/185/6 1211/186/6
f 1212/188/6 1257/189/6 1258/185/6
f 1235/182/6 1231/190/6 1232/187/6
f 1213/191/6 1257/189/6 1212/188/6
f 1235/182/6 1230/192/6 1231/190/6
f 1214/193/6 1257/189/6 1213/191/6
f 1215/194/6 1257/189/6 1214/193/6
f 1215/194/6 1256/195/6 1257/189/6
f 1235/182/6 1229/196/6 1230/192/6
f 1216/197/6 1256/195/6 1215/194/6
f 1235/182/6 1228/198/6 1229/196/6
f 1217/199/6 1256/195/6 1216/197/6
f 1235/182/6 1227/200/6 1228/198/6
f 1217/199/6 1255/201/6 1256/195/6
f 1218/202/6 1255/201/6 1217/199/6
f 1235/182/6 1226/203/6 1227/200/6
f 1219/204/6 1255/201/6 1218/202/6
f 1235/182/6 1225/205/6 1226/203/6
f 1220/206/6 1255/201/6 1219/204/6
f 1235/182/6 1224/207/6 1225/205/6
f 1221/208/6 1255/201/6 1220/206/6
f 1235/182/6 1223/209/6 1224/207/6
f 1221/208/6 1254/210/6 1255/201/6
f 1222/211/6 1254/210/6 1221/208/6
f 1235/182/6 1222/211/6 1223/209/6
f 1235/182/6 1254/210/6 1222/211/6
f 1235/182/6 1253/212/6 1254/210/6
f 1236/213/6 1253/212/6 1235/182/6
f 1237/214/6 1253/212/6 1236/213/6
f 1237/214/6 1252/215/6 1253/212/6
f 1238/216/6 1252/215/6 1237/214/6
f 1238/216/6 1251/217/6 1252/215/6
f 1239/218/6 1251/217/6 1238/216/6
f 1240/219/6 1251/217/6 1239/218/6
f 1240/219/6 1250/220/6 1251/217/6
f 1241/221/6 1250/220/6 1240/219/6
f 1242/222/6 1250/220/6 1241/221/6
f 1242/222/6 1249/223/6 1250/220/6
f 1243/224/6 1249/223/6 1242/222/6
f 1244/225/6 1249/223/6 1243/224/6
f 1244/225/6 1248/226/6 1249/223/6
f 1245/227/6 1248/226/6 1244/225/6
f 1246/228/6 1248/226/6 1245/227/6
f 1246/228/6 1247/229/6 1248/226/6
f 1333/230/6 1331/232/6 1332/231/6
f 1333/230/6 1330/233/6 1331/232/6
f 1334/106/6 1330/233/6 1333/230/6
f 1334/106/6 1329/234/6 1330/233/6
f 1335/235/6 1329/234/6 1334/106/6
f 1335/235/6 1328/236/6 1329/234/6
f 1336/237/6 1328/236/6 1335/235/6
f 1336/237/6 1327/238/6 1328/236/6
f 1337/239/6 1327/238/6 1336/237/6
f 1337/239/6 1326/240/6 1327/238/6
f 1338/241/6 1356/242/6 1337/239/6
f 1356/242/6 1326/240/6 1337/239/6
f 1338/241/6 1355/243/6 1356/242/6
f 1357/244/6 1326/240/6 1356/242/6
f 1358/245/6 1326/240/6 1357/244/6
f 1338/241/6 1354/246/6 1355/243/6
f 1359/247/6 1326/240/6 1358/245/6
f 1338/241/6 1353/109/6 1354/246/6
f 1359/247/6 1325/248/6 1326/240/6
f 1339/249/6 1353/109/6 1338/241/6
f 1360/250/6 1325/248/6 1359/247/6
f 1339/249/6 1352/251/6 1353/109/6
f 1361/252/6 1325/248/6 1360/250/6
f 1339/249/6 1351/253/6 1352/251/6
f 1361/252/6 1324/254/6 1325/248/6
f 1340/255/6 1351/253/6 1339/249/6
f 1362/256/6 1324/254/6 1361/252/6
f 1340/255/6 1350/257/6 1351/253/6
f 1363/258/6 1324/254/6 1362/256/6
f 1340/255/6 1349/259/6 1350/257/6
f 1363/258/6 1323/260/6 1324/254/6
f 1341/261/6 1349/259/6 1340/255/6
f 1364/262/6 1323/260/6 1363/258/6
f 1341/261/6 1348/263/6 1349/259/6
f 1364/262/6 1322/264/6 1323/260/6
f 1342/265/6 1348/263/6 1341/261/6
f 1365/266/6 1322/264/6 1364/262/6
f 1342/265/6 1347/267/6 1348/263/6
f 1366/268/6 1322/264/6 1365/266/6
f 1342/265/6 1346/269/6 1347/267/6
f 1366/268/6 1321/270/6 1322/264/6
f 1343/271/6 1346/269/6 1342/265/6
f 1367/272/6 1321/270/6 1366/268/6
f 1343/271/6 1345/273/6 1346/269/6
f 1367/272/6 1320/274/6 1321/270/6
f 1296/3/6 1345/273/6 1343/271/6
f 1368/275/6 1320/274/6 1367/272/6
f 1296/3/6 1344/276/6 1345/273/6
f 1297/277/6 1344/276/6 1296/3/6
f 1297/277/6 1391/4/6 1344/276/6
f 1369/278/6 1320/274/6 1368/275/6
f 1369/278/6 1319/279/6 1320/274/6
f 1297/277/6 1390/280/6 1391/4/6
f 1370/281/6 1319/279/6 1369/278/6
f 1370/281/6 1318/282/6 1319/279/6
f 1298/283/6 1390/280/6 1297/277/6
f 1298/283/6 1389/284/6 1390/280/6
f 1371/285/6 1318/282/6 1370/281/6
f 1371/285/6 1317/286/6 1318/282/6
f 1299/287/6 1389/284/6 1298/283/6
f 1372/103/6 1317/286/6 1371/285/6
f 1299/287/6 1388/288/6 1389/284/6
f 1372/103/6 1316/289/6 1317/286/6
f 1300/290/6 1388/288/6 1299/287/6
f 1373/291/6 1316/289/6 1372/103/6
f 1300/290/6 1387/292/6 1388/288/6
f 1374/293/6 1316/289/6 1373/291/6
f 1300/290/6 1386/294/6 1387/292/6
f 1374/293/6 1315/101/6 1316/289/6
f 1301/295/6 1386/294/6 1300/290/6
f 1375/296/6 1315/101/6 1374/293/6
f 1301/295/6 1385/297/6 1386/294/6
f 1376/298/6 1315/101/6 1375/296/6
f 1301/295/6 1384/299/6 1385/297/6
f 1376/298/6 1314/300/6 1315/101/6
f 1302/301/6 1384/299/6 1301/295/6
f 1377/302/6 1314/300/6 1376/298/6
f 1302/301/6 1383/303/6 1384/299/6
f 1378/304/6 1314/300/6 1377/302/6
f 1302/301/6 1382/305/6 1383/303/6
f 1378/304/6 1313/306/6 1314/300/6
f 1303/307/6 1382/305/6 1302/301/6
f 1379/308/6 1313/306/6 1378/304/6
f 1303/307/6 1381/309/6 1382/305/6
f 1380/310/6 1313/306/6 1379/308/6
f 1303/307/6 1380/310/6 1381/309/6
f 1303/307/6 1313/306/6 1380/310/6
f 1303/307/6 1312/311/6 1313/306/6
f 1304/312/6 1312/311/6 1303/307/6
f 1304/312/6 1311/313/6 1312/311/6
f 1305/314/6 1311/313/6 1304/312/6
f 1305/314/6 1310/315/6 1311/313/6
f 1306/316/6 1310/315/6 1305/314/6
f 1306/316/6 1309/317/6 1310/315/6
f 1307/318/6 1309/317/6 1306/316/6
f 1307/318/6 1308/319/6 1309/317/6
f 1394/1/6 1392/3/6 1393/2/6
f 1394/1/6 1399/4/6 1392/3/6
f 1395/5/2 1399/4/2 1394/1/2
f 1396/6/6 1398/7/6 1395/5/6
f 1398/7/3 1399/4/3 1395/5/3
f 1396/6/6 1397/8/6 1398/7/6
f 1402/149/6 1410/141/6 1401/112/6
f 1410/141/6 1400/3/6 1401/112/6
f 1410/141/6 1411/4/6 1400/3/6
f 1402/149/6 1409/154/6 1410/141/6
f 1402/149/6 1406/219/6 1409/154/6
f 1406/219/6 1408/172/6 1409/154/6
f 1406/219/6 1407/217/6 1408/172/6
f 1402/149/6 1405/196/6 1406/219/6
f 1402/149/6 1404/202/6 1405/196/6
f 1402/149/6 1403/176/6 1404/202/6
f 1425/320/6 1423/322/6 1424/321/6
f 1425/320/6 1422/323/6 1423/322/6
f 1425/320/6 1421/324/6 1422/323/6
f 1426/325/6 1421/324/6 1425/320/6
f 1426/325/6 1420/326/6 1421/324/6
f 1426/325/6 1419/327/6 1420/326/6
f 1426/325/6 1418/328/6 1419/327/6
f 1427/329/6 1418/328/6 1426/325/6
f 1427/329/6 1417/330/6 1418/328/6
f 1427/329/6 1416/331/6 1417/330/6
f 1427/329/6 1415/332/6 1416/331/6
f 1428/333/6 1415/332/6 1427/329/6
f 1428/333/6 1414/334/6 1415/332/6
f 1428/333/6 1413/335/6 1414/334/6
f 1428/333/6 1412/3/6 1413/335/6
f 1429/336/6 1412/3/6 1428/333/6
f 1429/336/6 1499/337/6 1412/3/6
f 1499/337/6 1500/338/6 1412/3/6
f 1500/338/6 1501/339/6 1412/3/6
f 1501/339/6 1502/340/6 1412/3/6
f 1502/340/6 1503/341/6 1412/3/6
f 1503/341/6 1504/342/6 1412/3/6
f 1504/342/6 1505/343/6 1412/3/6
f 1505/343/6 1506/344/6 1412/3/6
f 1506/344/6 1507/345/6 1412/3/6
f 1507/345/6 1508/346/6 1412/3/6
f 1508/346/6 1509/4/6 1412/3/6
f 1430/347/6 1497/348/6 1429/336/6
f 1497/348/6 1498/349/6 1429/336/6
f 1498/349/7 1499/337/7 1429/336/7
f 1430/347/6 1496/350/6 1497/348/6
f 1430/347/6 1495/351/6 1496/350/6
f 1430/347/6 1494/352/6 1495/351/6
f 1431/353/6 1494/352/6 1430/347/6
f 1431/353/6 1493/354/6 1494/352/6
f 1431/353/6 1492/355/6 1493/354/6
f 1432/356/6 1492/355/6 1431/353/6
f 1432/356/6 1491/357/6 1492/355/6
f 1432/356/6 1490/358/6 1491/357/6
f 1433/359/6 1490/358/6 1432/356/6
f 1433/359/6 1489/360/6 1490/358/6
f 1434/361/6 1489/360/6 1433/359/6
f 1434/361/6 1488/362/6 1489/360/6
f 1434/361/6 1487/363/6 1488/362/6
f 1435/364/6 1487/363/6 1434/361/6
f 1435/364/6 1486/365/6 1487/363/6
f 1436/366/6 1486/365/6 1435/364/6
f 1436/366/6 1485/367/6 1486/365/6
f 1436/366/6 1484/368/6 1485/367/6
f 1437/369/6 1484/368/6 1436/366/6
f 1437/369/6 1483/370/6 1484/368/6
f 1438/371/6 1483/370/6 1437/369/6
f 1438/371/6 1482/372/6 1483/370/6
f 1439/373/6 1482/372/6 1438/371/6
f 1439/373/6 1481/374/6 1482/372/6
f 1440/375/6 1481/374/6 1439/373/6
f 1440/375/6 1480/376/6 1481/374/6
f 1441/377/6 1480/376/6 1440/375/6
f 1441/377/6 1479/378/6 1480/376/6
f 1462/379/6 1460/381/6 1461/380/6
f 1441/377/6 1478/382/6 1479/378/6
f 1463/383/6 1460/381/6 1462/379/6
f 1442/384/6 1478/382/6 1441/377/6
f 1464/385/6 1460/381/6 1463/383/6
f 1442/384/6 1477/386/6 1478/382/6
f 1465/387/6 1460/381/6 1464/385/6
f 1466/388/6 1460/381/6 1465/387/6
f 1442/384/6 1476/389/6 1477/386/6
f 1467/390/6 1460/381/6 1466/388/6
f 1443/391/6 1476/389/6 1442/384/6
f 1468/392/6 1460/381/6 1467/390/6
f 1443/391/6 1475/393/6 1476/389/6
f 1469/394/6 1460/381/6 1468/392/6
f 1470/395/6 1460/381/6 1469/394/6
f 1443/391/6 1474/396/6 1475/393/6
f 1471/397/6 1460/381/6 1470/395/6
f 1472/398/6 1460/381/6 1471/397/6
f 1443/391/6 1473/399/6 1474/396/6
f 1473/399/6 1460/381/6 1472/398/6
f 1443/391/6 1460/381/6 1473/399/6
f 1444/400/6 1460/381/6 1443/391/6
f 1444/400/6 1459/401/6 1460/381/6
f 1445/402/6 1459/401/6 1444/400/6
f 1445/402/6 1458/403/6 1459/401/6
f 1445/402/6 1457/404/6 1458/403/6
f 1445/402/6 1456/405/6 1457/404/6
f 1446/406/6 1456/405/6 1445/402/6
f 1446/406/6 1455/407/6 1456/405/6
f 1446/406/6 1454/408/6 1455/407/6
f 1446/406/6 1453/409/6 1454/408/6
f 1447/410/6 1453/409/6 1446/406/6
f 1447/410/6 1452/411/6 1453/409/6
f 1447/410/6 1451/412/6 1452/411/6
f 1447/410/6 1450/413/6 1451/412/6
f 1448/414/6 1450/413/6 1447/410/6
f 1448/414/6 1449/415/6 1450/413/6
f 1512/101/6 1510/3/6 1511/102/6
f 1512/101/6 1518/103/6 1510/3/6
f 1518/103/6 1517/104/6 1510/3/6
f 1512/101/6 1520/4/6 1518/103/6
f 1519/105/6 1517/104/6 1518/103/6
f 1512/101/6 1514/106/6 1520/4/6
f 1514/106/6 1519/105/6 1520/4/6
f 1514/106/6 1515/107/6 1519/105/6
f 1515/107/6 1517/104/6 1519/105/6
f 1512/101/6 1513/108/6 1514/106/6
f 1516/109/6 1517/104/6 1515/107/6
f 1522/416/6 1550/417/6 1521/3/6
f 1550/417/6 1549/418/6 1521/3/6
f 1550/417/6 1548/419/6 1549/418/6
f 1550/417/6 1547/420/6 1548/419/6
f 1550/417/6 1546/196/6 1547/420/6
f 1550/417/6 1545/421/6 1546/196/6
f 1550/417/6 1544/422/6 1545/421/6
f 1550/417/6 1543/106/6 1544/422/6
f 1550/417/6 1542/423/6 1543/106/6
f 1550/417/6 1551/219/6 1542/423/6
f 1551/219/6 1541/202/6 1542/423/6
f 1522/416/6 1576/4/6 1550/417/6
f 1552/424/6 1541/202/6 1551/219/6
f 1553/425/6 1541/202/6 1552/424/6
f 1554/109/6 1541/202/6 1553/425/6
f 1554/109/6 1540/426/6 1541/202/6
f 1555/427/6 1540/426/6 1554/109/6
f 1556/217/6 1540/426/6 1555/427/6
f 1557/428/6 1540/426/6 1556/217/6
f 1557/428/6 1539/429/6 1540/426/6
f 1558/430/6 1539/429/6 1557/428/6
f 1559/431/6 1539/429/6 1558/430/6
f 1560/432/6 1539/429/6 1559/431/6
f 1560/432/6 1538/433/6 1539/429/6
f 1561/172/6 1538/433/6 1560/432/6
f 1562/434/6 1538/433/6 1561/172/6
f 1562/434/6 1537/435/6 1538/433/6
f 1563/436/6 1537/435/6 1562/434/6
f 1564/437/6 1537/435/6 1563/436/6
f 1564/437/6 1536/176/6 1537/435/6
f 1565/103/6 1536/176/6 1564/437/6
f 1565/103/6 1535/438/6 1536/176/6
f 1566/154/6 1535/438/6 1565/103/6
f 1567/439/6 1535/438/6 1566/154/6
f 1567/439/6 1534/440/6 1535/438/6
f 1568/441/6 1534/440/6 1567/439/6
f 1569/442/6 1534/440/6 1568/441/6
f 1569/442/6 1533/443/6 1534/440/6
f 1570/444/6 1533/443/6 1569/442/6
f 1571/141/6 1533/443/6 1570/444/6
f 1572/445/6 1533/443/6 1571/141/6
f 1573/446/6 1533/443/6 1572/445/6
f 1573/446/6 1532/101/6 1533/443/6
f 1574/447/6 1532/101/6 1573/446/6
f 1575/448/6 1532/101/6 1574/447/6
f 1522/416/6 1524/449/6 1576/4/6
f 1524/449/6 1575/448/6 1576/4/6
f 1524/449/6 1532/101/6 1575/448/6
f 1524/449/6 1531/149/6 1532/101/6
f 1524/449/6 1530/450/6 1531/149/6
f 1524/449/6 1529/451/6 1530/450/6
f 1524/449/6 1528/452/6 1529/451/6
f 1524/449/6 1527/453/6 1528/452/6
f 1524/449/6 1526/112/6 1527/453/6
f 1524/449/6 1525/454/6 1526/112/6
f 1522/416/6 1523/455/6 1524/449/6
f 1590/110/6 1588/112/6 1589/111/6
f 1590/110/6 1587/113/6 1588/112/6
f 1590/110/6 1586/114/6 1587/113/6
f 1591/115/6 1586/114/6 1590/110/6
f 1591/115/6 1585/116/6 1586/114/6
f 1591/115/6 1584/117/6 1585/116/6
f 1592/118/6 1584/117/6 1591/115/6
f 1592/118/6 1583/119/6 1584/117/6
f 1592/118/6 1582/120/6 1583/119/6
f 1593/121/6 1582/120/6 1592/118/6
f 1593/121/6 1581/122/6 1582/120/6
f 1593/121/6 1580/123/6 1581/122/6
f 1594/124/6 1580/123/6 1593/121/6
f 1594/124/6 1579/125/6 1580/123/6
f 1594/124/6 1578/126/6 1579/125/6
f 1595/127/6 1578/126/6 1594/124/6
f 1595/127/6 1577/3/6 1578/126/6
f 1595/127/6 1690/128/6 1577/3/6
f 1690/128/6 1691/129/6 1577/3/6
f 1691/129/6 1692/130/6 1577/3/6
f 1692/130/6 1693/131/6 1577/3/6
f 1693/131/6 1694/132/6 1577/3/6
f 1694/132/6 1695/133/6 1577/3/6
f 1695/133/6 1696/134/6 1577/3/6
f 1696/134/6 1697/135/6 1577/3/6
f 1697/135/6 1698/4/6 1577/3/6
f 1596/136/6 1688/137/6 1595/127/6
f 1688/137/6 1689/138/6 1595/127/6
f 1689/138/8 1690/128/8 1595/127/8
f 1597/139/6 1686/140/6 1596/136/6
f 1686/140/6 1687/141/6 1596/136/6
f 1687/141/6 1688/137/6 1596/136/6
f 1598/142/6 1685/143/6 1597/139/6
f 1685/143/6 1686/140/6 1597/139/6
f 1598/142/6 1684/144/6 1685/143/6
f 1598/142/6 1683/145/6 1684/144/6
f 1598/142/6 1682/146/6 1683/145/6
f 1598/142/6 1681/147/6 1682/146/6
f 1598/142/6 1680/148/6 1681/147/6
f 1599/149/6 1680/148/6 1598/142/6
f 1599/149/6 1679/150/6 1680/148/6
f 1599/149/6 1678/151/6 1679/150/6
f 1599/149/6 1677/152/6 1678/151/6
f 1600/153/6 1677/152/6 1599/149/6
f 1600/153/6 1676/154/6 1677/152/6
f 1600/153/6 1675/155/6 1676/154/6
f 1601/156/6 1675/155/6 1600/153/6
f 1601/156/6 1674/157/6 1675/155/6
f 1601/156/6 1673/158/6 1674/157/6
f 1602/159/6 1673/158/6 1601/156/6
f 1602/159/6 1672/160/6 1673/158/6
f 1602/159/6 1671/161/6 1672/160/6
f 1603/162/6 1671/161/6 1602/159/6
f 1603/162/6 1670/163/6 1671/161/6
f 1604/164/6 1670/163/6 1603/162/6
f 1604/164/6 1669/165/6 1670/163/6
f 1604/164/6 1668/166/6 1669/165/6
f 1605/167/6 1668/166/6 1604/164/6
f 1605/167/6 1667/168/6 1668/166/6
f 1606/169/6 1667/168/6 1605/167/6
f 1606/169/6 1666/170/6 1667/168/6
f 1607/171/6 1666/170/6 1606/169/6
f 1607/171/6 1665/172/6 1666/170/6
f 1608/173/6 1665/172/6 1607/171/6
f 1608/173/6 1664/174/6 1665/172/6
f 1609/175/6 1664/174/6 1608/173/6
f 1610/176/6 1664/174/6 1609/175/6
f 1610/176/6 1663/177/6 1664/174/6
f 1611/178/6 1663/177/6 1610/176/6
f 1612/179/6 1663/177/6 1611/178/6
f 1612/179/6 1662/180/6 1663/177/6
f 1613/181/6 1662/180/6 1612/179/6
f 1638/182/6 1636/184/6 1637/183/6
f 1613/181/6 1661/185/6 1662/180/6
f 1614/186/6 1661/185/6 1613/181/6
f 1638/182/6 1635/187/6 1636/184/6
f 1615/188/6 1661/185/6 1614/186/6
f 1615/188/6 1660/189/6 1661/185/6
f 1638/182/6 1634/190/6 1635/187/6
f 1616/191/6 1660/189/6 1615/188/6
f 1638/182/6 1633/192/6 1634/190/6
f 1617/193/6 1660/189/6 1616/191/6
f 1618/194/6 1660/189/6 1617/193/6
f 1618/194/6 1659/195/6 1660/189/6
f 1638/182/6 1632/196/6 1633/192/6
f 1619/197/6 1659/195/6 1618/194/6
f 1638/182/6 1631/198/6 1632/196/6
f 1620/199/6 1659/195/6 1619/197/6
f 1638/182/6 1630/200/6 1631/198/6
f 1620/199/6 1658/201/6 1659/195/6
f 1621/202/6 1658/201/6 1620/199/6
f 1638/182/6 1629/203/6 1630/200/6
f 1622/204/6 1658/201/6 1621/202/6
f 1638/182/6 1628/205/6 1629/203/6
f 1623/206/6 1658/201/6 1622/204/6
f 1638/182/6 1627/207/6 1628/205/6
f 1624/208/6 1658/201/6 1623/206/6
f 1638/182/6 1626/209/6 1627/207/6
f 1624/208/6 1657/210/6 1658/201/6
f 1625/211/6 1657/210/6 1624/208/6
f 1638/182/6 1625/211/6 1626/209/6
f 1638/182/6 1657/210/6 1625/211/6
f 1638/182/6 1656/212/6 1657/210/6
f 1639/213/6 1656/212/6 1638/182/6
f 1640/214/6 1656/212/6 1639/213/6
f 1640/214/6 1655/215/6 1656/212/6
f 1641/216/6 1655/215/6 1640/214/6
f 1641/216/6 1654/217/6 1655/215/6
f 1642/218/6 1654/217/6 1641/216/6
f 1643/219/6 1654/217/6 1642/218/6
f 1643/219/6 1653/220/6 1654/217/6
f 1644/221/6 1653/220/6 1643/219/6
f 1645/222/6 1653/220/6 1644/221/6
f 1645/222/6 1652/223/6 1653/220/6
f 1646/224/6 1652/223/6 1645/222/6
f 1647/225/6 1652/223/6 1646/224/6
f 1647/225/6 1651/226/6 1652/223/6
f 1648/227/6 1651/226/6 1647/225/6
f 1649/228/6 1651/226/6 1648/227/6
f 1649/228/6 1650/229/6 1651/226/6
f 1712/110/6 1710/112/6 1711/111/6
f 1712/110/6 1709/113/6 1710/112/6
f 1712/110/6 1708/114/6 1709/113/6
f 1713/115/6 1708/114/6 1712/110/6
f 1713/115/6 1707/116/6 1708/114/6
f 1713/115/6 1706/117/6 1707/116/6
f 1714/118/6 1706/117/6 1713/115/6
f 1714/118/6 1705/119/6 1706/117/6
f 1714/118/6 1704/120/6 1705/119/6
f 1715/121/6 1704/120/6 1714/118/6
f 1715/121/6 1703/122/6 1704/120/6
f 1715/121/6 1702/123/6 1703/122/6
f 1716/124/6 1702/123/6 1715/121/6
f 1716/124/6 1701/125/6 1702/123/6
f 1716/124/6 1700/126/6 1701/125/6
f 1717/127/6 1700/126/6 1716/124/6
f 1717/127/6 1699/3/6 1700/126/6
f 1717/127/6 1812/128/6 1699/3/6
f 1812/128/6 1813/129/6 1699/3/6
f 1813/129/6 1814/130/6 1699/3/6
f 1814/130/6 1815/131/6 1699/3/6
f 1815/131/6 1816/132/6 1699/3/6
f 1816/132/6 1817/133/6 1699/3/6
f 1817/133/6 1818/134/6 1699/3/6
f 1818/134/6 1819/135/6 1699/3/6
f 1819/135/6 1820/4/6 1699/3/6
f 1718/136/6 1810/137/6 1717/127/6
f 1810/137/6 1811/138/6 1717/127/6
f 1811/138/6 1812/128/6 1717/127/6
f 1719/139/6 1808/140/6 1718/136/6
f 1808/140/6 1809/141/6 1718/136/6
f 1809/141/6 1810/137/6 1718/136/6
f 1720/142/6 1807/143/6 1719/139/6
f 1807/143/6 1808/140/6 1719/139/6
f 1720/142/6 1806/144/6 1807/143/6
f 1720/142/6 1805/145/6 1806/144/6
f 1720/142/6 1804/146/6 1805/145/6
f 1720/142/6 1803/147/6 1804/146/6
f 1720/142/6 1802/148/6 1803/147/6
f 1721/149/6 1802/148/6 1720/142/6
f 1721/149/6 1801/150/6 1802/148/6
f 1721/149/6 1800/151/6 1801/150/6
f 1721/149/6 1799/152/6 1800/151/6
f 1722/153/6 1799/152/6 1721/149/6
f 1722/153/6 1798/154/6 1799/152/6
f 1722/153/6 1797/155/6 1798/154/6
f 1723/156/6 1797/155/6 1722/153/6
f 1723/156/6 1796/157/6 1797/155/6
f 1723/156/6 1795/158/6 1796/157/6
f 1724/159/6 1795/158/6 1723/156/6
f 1724/159/6 1794/160/6 1795/158/6
f 1724/159/6 1793/161/6 1794/160/6
f 1725/162/6 1793/161/6 1724/159/6
f 1725/162/6 1792/163/6 1793/161/6
f 1726/164/6 1792/163/6 1725/162/6
f 1726/164/6 1791/165/6 1792/163/6
f 1726/164/6 1790/166/6 1791/165/6
f 1727/167/6 1790/166/6 1726/164/6
f 1727/167/6 1789/168/6 1790/166/6
f 1728/169/6 1789/168/6 1727/167/6
f 1728/169/6 1788/170/6 1789/168/6
f 1729/171/6 1788/170/6 1728/169/6
f 1729/171/6 1787/172/6 1788/170/6
f 1730/173/6 1787/172/6 1729/171/6
f 1730/173/6 1786/174/6 1787/172/6
f 1731/175/6 1786/174/6 1730/173/6
f 1732/176/6 1786/174/6 1731/175/6
f 1732/176/6 1785/177/6 1786/174/6
f 1733/178/6 1785/177/6 1732/176/6
f 1734/179/6 1785/177/6 1733/178/6
f 1734/179/6 1784/180/6 1785/177/6
f 1735/181/6 1784/180/6 1734/179/6
f 1760/182/6 1758/184/6 1759/183/6
f 1735/181/6 1783/185/6 1784/180/6
f 1736/186/6 1783/185/6 1735/181/6
f 1760/182/6 1757/187/6 1758/184/6
f 1737/188/6 1783/185/6 1736/186/6
f 1737/188/6 1782/189/6 1783/185/6
f 1760/182/6 1756/190/6 1757/187/6
f 1738/191/6 1782/189/6 1737/188/6
f 1760/182/6 1755/192/6 1756/190/6
f 1739/193/6 1782/189/6 1738/191/6
f 1740/194/6 1782/189/6 1739/193/6
f 1740/194/6 1781/195/6 1782/189/6
f 1760/182/6 1754/196/6 1755/192/6
f 1741/197/6 1781/195/6 1740/194/6
f 1760/182/6 1753/198/6 1754/196/6
f 1742/199/6 1781/195/6 1741/197/6
f 1760/182/6 1752/200/6 1753/198/6
f 1742/199/6 1780/201/6 1781/195/6
f 1743/202/6 1780/201/6 1742/199/6
f 1760/182/6 1751/203/6 1752/200/6
f 1744/204/6 1780/201/6 1743/202/6
f 1760/182/6 1750/205/6 1751/203/6
f 1745/206/6 1780/201/6 1744/204/6
f 1760/182/6 1749/207/6 1750/205/6
f 1746/208/6 1780/201/6 1745/206/6
f 1760/182/6 1748/209/6 1749/207/6
f 1746/208/6 1779/210/6 1780/201/6
f 1747/211/6 1779/210/6 1746/208/6
f 1760/182/6 1747/211/6 1748/209/6
f 1760/182/6 1779/210/6 1747/211/6
f 1760/182/6 1778/212/6 1779/210/6
f 1761/213/6 1778/212/6 1760/182/6
f 1762/214/6 1778/212/6 1761/213/6
f 1762/214/6 1777/215/6 1778/212/6
f 1763/216/6 1777/215/6 1762/214/6
f 1763/216/6 1776/217/6 1777/215/6
f 1764/218/6 1776/217/6 1763/216/6
f 1765/219/6 1776/217/6 1764/218/6
f 1765/219/6 1775/220/6 1776/217/6
f 1766/221/6 1775/220/6 1765/219/6
f 1767/222/6 1775/220/6 1766/221/6
f 1767/222/6 1774/223/6 1775/220/6
f 1768/224/6 1774/223/6 1767/222/6
f 1769/225/6 1774/223/6 1768/224/6
f 1769/225/6 1773/226/6 1774/223/6
f 1770/227/6 1773/226/6 1769/225/6
f 1771/228/6 1773/226/6 1770/227/6
f 1771/228/6 1772/229/6 1773/226/6
f 1834/110/6 1832/112/6 1833/111/6
f 1834/110/6 1831/113/6 1832/112/6
f 1834/110/6 1830/114/6 1831/113/6
f 1835/115/6 1830/114/6 1834/110/6
f 1835/115/6 1829/116/6 1830/114/6
f 1835/115/6 1828/117/6 1829/116/6
f 1836/118/6 1828/117/6 1835/115/6
f 1836/118/6 1827/119/6 1828/117/6
f 1836/118/6 1826/120/6 1827/119/6
f 1837/121/6 1826/120/6 1836/118/6
f 1837/121/6 1825/122/6 1826/120/6
f 1837/121/6 1824/123/6 1825/122/6
f 1838/124/6 1824/123/6 1837/121/6
f 1838/124/6 1823/125/6 1824/123/6
f 1838/124/6 1822/126/6 1823/125/6
f 1839/127/6 1822/126/6 1838/124/6
f 1839/127/6 1821/3/6 1822/126/6
f 1839/127/6 1934/128/6 1821/3/6
f 1934/128/6 1935/129/6 1821/3/6
f 1935/129/6 1936/130/6 1821/3/6
f 1936/130/6 1937/131/6 1821/3/6
f 1937/131/6 1938/132/6 1821/3/6
f 1938/132/6 1939/133/6 1821/3/6
f 1939/133/6 1940/134/6 1821/3/6
f 1940/134/6 1941/135/6 1821/3/6
f 1941/135/6 1942/4/6 1821/3/6
f 1840/136/6 1932/137/6 1839/127/6
f 1932/137/6 1933/138/6 1839/127/6
f 1933/138/6 1934/128/6 1839/127/6
f 1841/139/6 1930/140/6 1840/136/6
f 1930/140/6 1931/141/6 1840/136/6
f 1931/141/6 1932/137/6 1840/136/6
f 1842/142/6 1929/143/6 1841/139/6
f 1929/143/6 1930/140/6 1841/139/6
f 1842/142/6 1928/144/6 1929/143/6
f 1842/142/6 1927/145/6 1928/144/6
f 1842/142/6 1926/146/6 1927/145/6
f 1842/142/6 1925/147/6 1926/146/6
f 1842/142/6 1924/148/6 1925/147/6
f 1843/149/6 1924/148/6 1842/142/6
f 1843/149/6 1923/150/6 1924/148/6
f 1843/149/6 1922/151/6 1923/150/6
f 1843/149/6 1921/152/6 1922/151/6
f 1844/153/6 1921/152/6 1843/149/6
f 1844/153/6 1920/154/6 1921/152/6
f 1844/153/6 1919/155/6 1920/154/6
f 1845/156/6 1919/155/6 1844/153/6
f 1845/156/6 1918/157/6 1919/155/6
f 1845/156/6 1917/158/6 1918/157/6
f 1846/159/6 1917/158/6 1845/156/6
f 1846/159/6 1916/160/6 1917/158/6
f 1846/159/6 1915/161/6 1916/160/6
f 1847/162/6 1915/161/6 1846/159/6
f 1847/162/6 1914/163/6 1915/161/6
f 1848/164/6 1914/163/6 1847/162/6
f 1848/164/6 1913/165/6 1914/163/6
f 1848/164/6 1912/166/6 1913/165/6
f 1849/167/6 1912/166/6 1848/164/6
f 1849/167/6 1911/168/6 1912/166/6
f 1850/169/6 1911/168/6 1849/167/6
f 1850/169/6 1910/170/6 1911/168/6
f 1851/171/6 1910/170/6 1850/169/6
f 1851/171/6 1909/172/6 1910/170/6
f 1852/173/6 1909/172/6 1851/171/6
f 1852/173/6 1908/174/6 1909/172/6
f 1853/175/6 1908/174/6 1852/173/6
f 1854/176/6 1908/174/6 1853/175/6
f 1854/176/6 1907/177/6 1908/174/6
f 1855/178/6 1907/177/6 1854/176/6
f 1856/179/6 1907/177/6 1855/178/6
f 1856/179/6 1906/180/6 1907/177/6
f 1857/181/6 1906/180/6 1856/179/6
f 1882/182/6 1880/184/6 1881/183/6
f 1857/181/6 1905/185/6 1906/180/6
f 1858/186/6 1905/185/6 1857/181/6
f 1882/182/6 1879/187/6 1880/184/6
f 1859/188/6 1905/185/6 1858/186/6
f 1859/188/6 1904/189/6 1905/185/6
f 1882/182/6 1878/190/6 1879/187/6
f 1860/191/6 1904/189/6 1859/188/6
f 1882/182/6 1877/192/6 1878/190/6
f 1861/193/6 1904/189/6 1860/191/6
f 1862/194/6 1904/189/6 1861/193/6
f 1862/194/6 1903/195/6 1904/189/6
f 1882/182/6 1876/196/6 1877/192/6
f 1863/197/6 1903/195/6 1862/194/6
f 1882/182/6 1875/198/6 1876/196/6
f 1864/199/6 1903/195/6 1863/197/6
f 1882/182/6 1874/200/6 1875/198/6
f 1864/199/6 1902/201/6 1903/195/6
f 1865/202/6 1902/201/6 1864/199/6
f 1882/182/6 1873/203/6 1874/200/6
f 1866/204/6 1902/201/6 1865/202/6
f 1882/182/6 1872/205/6 1873/203/6
f 1867/206/6 1902/201/6 1866/204/6
f 1882/182/6 1871/207/6 1872/205/6
f 1868/208/6 1902/201/6 1867/206/6
f 1882/182/6 1870/209/6 1871/207/6
f 1868/208/6 1901/210/6 1902/201/6
f 1869/211/6 1901/210/6 1868/208/6
f 1882/182/6 1869/211/6 1870/209/6
f 1882/182/6 1901/210/6 1869/211/6
f 1882/182/6 1900/212/6 1901/210/6
f 1883/213/6 1900/212/6 1882/182/6
f 1884/214/6 1900/212/6 1883/213/6
f 1884/214/6 1899/215/6 1900/212/6
f 1885/216/6 1899/215/6 1884/214/6
f 1885/216/6 1898/217/6 1899/215/6
f 1886/218/6 1898/217/6 1885/216/6
f 1887/219/6 1898/217/6 1886/218/6
f 1887/219/6 1897/220/6 1898/217/6
f 1888/221/6 1897/220/6 1887/219/6
f 1889/222/6 1897/220/6 1888/221/6
f 1889/222/6 1896/223/6 1897/220/6
f 1890/224/6 1896/223/6 1889/222/6
f 1891/225/6 1896/223/6 1890/224/6
f 1891/225/6 1895/226/6 1896/223/6
f 1892/227/6 1895/226/6 1891/225/6
f 1893/228/6 1895/226/6 1892/227/6
f 1893/228/6 1894/229/6 1895/226/6
f 1945/149/6 1953/141/6 1944/112/6
f 1953/141/6 1943/3/6 1944/112/6
f 1953/141/6 1954/4/6 1943/3/6
f 1945/149/6 1952/154/6 1953/141/6
f 1945/149/6 1949/219/6 1952/154/6
f 1949/219/6 1951/172/6 1952/154/6
f 1949/219/6 1950/217/6 1951/172/6
f 1945/149/6 1948/196/6 1949/219/6
f 1945/149/6 1947/202/6 1948/196/6
f 1945/149/6 1946/176/6 1947/202/6
f 1956/9/6 2022/10/6 1955/3/6
f 2022/10/6 2021/11/6 1955/3/6
f 2022/10/6 2020/12/6 2021/11/6
f 2022/10/6 2019/13/6 2020/12/6
f 2022/10/6 2018/14/6 2019/13/6
f 2022/10/6 2017/15/6 2018/14/6
f 2022/10/6 2016/16/6 2017/15/6
f 2022/10/6 2015/17/6 2016/16/6
f 2022/10/6 2014/18/6 2015/17/6
f 2022/10/6 2023/19/6 2014/18/6
f 2023/19/6 2013/20/6 2014/18/6
f 1956/9/6 2048/4/6 2022/10/6
f 2024/21/6 2013/20/6 2023/19/6
f 2025/22/6 2013/20/6 2024/21/6
f 2026/23/6 2013/20/6 2025/22/6
f 2026/23/6 2012/24/6 2013/20/6
f 2027/25/6 2012/24/6 2026/23/6
f 2028/26/6 2012/24/6 2027/25/6
f 2029/27/6 2012/24/6 2028/26/6
f 2029/27/6 2011/28/6 2012/24/6
f 2030/29/6 2011/28/6 2029/27/6
f 2031/30/6 2011/28/6 2030/29/6
f 2032/31/6 2011/28/6 2031/30/6
f 2032/31/6 2010/32/6 2011/28/6
f 2033/33/6 2010/32/6 2032/31/6
f 2034/34/6 2010/32/6 2033/33/6
f 2034/34/6 2009/35/6 2010/32/6
f 2035/36/6 2009/35/6 2034/34/6
f 2036/37/6 2009/35/6 2035/36/6
f 2036/37/6 2008/38/6 2009/35/6
f 2037/39/6 2008/38/6 2036/37/6
f 2037/39/6 2007/40/6 2008/38/6
f 2038/41/6 2007/40/6 2037/39/6
f 2039/42/6 2007/40/6 2038/41/6
f 2039/42/6 2006/43/6 2007/40/6
f 2040/44/6 2006/43/6 2039/42/6
f 2040/44/6 2005/45/6 2006/43/6
f 2041/46/6 2005/45/6 2040/44/6
f 2041/46/6 2004/47/6 2005/45/6
f 2042/48/6 2004/47/6 2041/46/6
f 2043/49/6 2004/47/6 2042/48/6
f 2043/49/6 2003/50/6 2004/47/6
f 2044/51/6 2003/50/6 2043/49/6
f 2045/52/6 2003/50/6 2044/51/6
f 2045/52/6 2002/53/6 2003/50/6
f 2046/54/6 2002/53/6 2045/52/6
f 2047/55/6 2002/53/6 2046/54/6
f 1956/9/6 1958/56/6 2048/4/6
f 1958/56/6 2047/55/6 2048/4/6
f 1958/56/6 2002/53/6 2047/55/6
f 1958/56/6 2001/57/6 2002/53/6
f 1958/56/6 2000/58/6 2001/57/6
f 1958/56/6 1999/59/6 2000/58/6
f 1958/56/6 1998/60/6 1999/59/6
f 1958/56/6 1997/61/6 1998/60/6
f 1958/56/6 1996/62/6 1997/61/6
f 1958/56/6 1995/63/6 1996/62/6
f 1958/56/6 1959/64/6 1995/63/6
f 1959/64/6 1960/65/6 1995/63/6
f 1960/65/6 1994/66/6 1995/63/6
f 1956/9/6 1957/67/6 1958/56/6
f 1961/68/6 1994/66/6 1960/65/6
f 1962/69/6 1994/66/6 1961/68/6
f 1963/70/6 1994/66/6 1962/69/6
f 1963/70/6 1993/71/6 1994/66/6
f 1964/72/6 1993/71/6 1963/70/6
f 1965/73/6 1993/71/6 1964/72/6
f 1965/73/6 1992/74/6 1993/71/6
f 1966/75/6 1992/74/6 1965/73/6
f 1966/75/6 1991/76/6 1992/74/6
f 1967/77/6 1991/76/6 1966/75/6
f 1967/77/6 1990/78/6 1991/76/6
f 1968/79/6 1990/78/6 1967/77/6
f 1968/79/6 1989/80/6 1990/78/6
f 1969/81/6 1989/80/6 1968/79/6
f 1969/81/6 1988/82/6 1989/80/6
f 1970/83/6 1988/82/6 1969/81/6
f 1970/83/6 1987/84/6 1988/82/6
f 1970/83/6 1986/85/6 1987/84/6
f 1971/86/6 1986/85/6 1970/83/6
f 1971/86/6 1985/87/6 1986/85/6
f 1972/88/6 1985/87/6 1971/86/6
f 1972/88/6 1984/89/6 1985/87/6
f 1972/88/6 1983/90/6 1984/89/6
f 1972/88/6 1982/91/6 1983/90/6
f 1972/88/6 1981/92/6 1982/91/6
f 1972/88/6 1980/93/6 1981/92/6
f 1972/88/6 1979/94/6 1980/93/6
f 1972/88/6 1978/95/6 1979/94/6
f 1972/88/6 1977/96/6 1978/95/6
f 1972/88/6 1976/97/6 1977/96/6
f 1972/88/6 1975/98/6 1976/97/6
f 1972/88/6 1974/99/6 1975/98/6
f 1972/88/6 1973/100/6 1974/99/6
f 2050/416/6 2078/417/6 2049/3/6
f 2078/417/6 2077/418/6 2049/3/6
f 2078/417/6 2076/419/6 2077/418/6
f 2078/417/6 2075/420/6 2076/419/6
f 2078/417/6 2074/196/6 2075/420/6
f 2078/417/6 2073/421/6 2074/196/6
f 2078/417/6 2072/422/6 2073/421/6
f 2078/417/6 2071/106/6 2072/422/6
f 2078/417/6 2070/423/6 2071/106/6
f 2078/417/6 2079/219/6 2070/423/6
f 2079/219/6 2069/202/6 2070/423/6
f 2050/416/6 2104/4/6 2078/417/6
f 2080/424/6 2069/202/6 2079/219/6
f 2081/425/6 2069/202/6 2080/424/6
f 2082/109/6 2069/202/6 2081/425/6
f 2082/109/6 2068/426/6 2069/202/6
f 2083/427/6 2068/426/6 2082/109/6
f 2084/217/6 2068/426/6 2083/427/6
f 2085/428/6 2068/426/6 2084/217/6
f 2085/428/6 2067/429/6 2068/426/6
f 2086/430/6 2067/429/6 2085/428/6
f 2087/431/6 2067/429/6 2086/430/6
f 2088/432/6 2067/429/6 2087/431/6
f 2088/432/6 2066/433/6 2067/429/6
f 2089/172/6 2066/433/6 2088/432/6
f 2090/434/6 2066/433/6 2089/172/6
f 2090/434/6 2065/435/6 2066/433/6
f 2091/436/6 2065/435/6 2090/434/6
f 2092/437/6 2065/435/6 2091/436/6
f 2092/437/6 2064/176/6 2065/435/6
f 2093/103/6 2064/176/6 2092/437/6
f 2093/103/6 2063/438/6 2064/176/6
f 2094/154/6 2063/438/6 2093/103/6
f 2095/439/6 2063/438/6 2094/154/6
f 2095/439/6 2062/440/6 2063/438/6
f 2096/441/6 2062/440/6 2095/439/6
f 2097/442/6 2062/440/6 2096/441/6
f 2097/442/6 2061/443/6 2062/440/6
f 2098/444/6 2061/443/6 2097/442/6
f 2099/141/6 2061/443/6 2098/444/6
f 2100/445/6 2061/443/6 2099/141/6
f 2101/446/6 2061/443/6 2100/445/6
f 2101/446/6 2060/101/6 2061/443/6
f 2102/447/6 2060/101/6 2101/446/6
f 2103/448/6 2060/101/6 2102/447/6
f 2050/416/6 2052/449/6 2104/4/6
f 2052/449/6 2103/448/6 2104/4/6
f 2052/449/6 2060/101/6 2103/448/6
f 2052/449/6 2059/149/6 2060/101/6
f 2052/449/6 2058/450/6 2059/149/6
f 2052/449/6 2057/451/6 2058/450/6
f 2052/449/6 2056/452/6 2057/451/6
f 2052/449/6 2055/453/6 2056/452/6
f 2052/449/6 2054/112/6 2055/453/6
f 2052/449/6 2053/454/6 2054/112/6
f 2050/416/6 2051/455/6 2052/449/6
f 565/193/9 1616/191/9 564/191/9
f 271/260/10 1322/264/10 270/264/10
f 955/40/11 2006/43/11 954/43/11
f 581/192/12 1632/196/12 580/196/12
f 386/371/13 1437/369/13 385/369/13
f 410/379/14 1461/380/14 409/380/14
f 995/55/15 2046/54/15 994/54/15
f 426/382/16 1477/386/16 425/386/16
f 295/267/17 1346/269/17 294/269/17
f 573/211/18 1624/208/18 572/208/18
f 289/261/19 1340/255/19 288/255/19
f 418/395/20 1469/394/20 417/394/20
f 605/210/21 1656/212/21 604/212/21
f 297/259/22 1348/263/22 296/263/22
f 313/266/23 1364/262/23 312/262/23
f 319/285/24 1370/281/24 318/281/24
f 337/284/25 1388/288/25 336/288/25
f 247/287/26 1298/283/26 246/283/26
f 589/216/27 1640/214/27 588/214/27
f 335/292/28 1386/294/28 334/294/28
f 265/286/29 1316/289/29 264/289/29
f 394/406/30 1445/402/30 393/402/30
f 597/228/31 1648/227/31 596/227/31
f 402/408/32 1453/409/32 401/409/32
f 263/101/33 1314/300/33 262/300/33
f 947/59/34 1998/60/34 946/60/34
f 661/115/35 1712/110/35 660/110/35
f 321/291/36 1372/103/36 320/103/36
f 653/119/37 1704/120/37 652/120/37
f 327/308/38 1378/304/38 326/304/38
f 907/64/2 1958/56/2 906/56/2
f 765/133/39 1816/132/39 764/132/39
f 490/423/40 1541/202/40 489/202/40
f 757/141/41 1808/140/41 756/140/41
f 249/295/42 1300/290/42 248/290/42
f 255/318/43 1306/316/43 254/316/43
f 329/309/44 1380/310/44 328/310/44
f 915/77/45 1966/75/45 914/75/45
f 257/317/46 1308/319/46 256/319/46
f 343/5/2 1394/1/2 342/1/2
f 939/76/47 1990/78/47 938/78/47
f 506/430/48 1557/428/48 505/428/48
f 931/90/49 1982/91/49 930/91/49
f 345/8/2 1396/6/2 344/6/2
f 514/154/50 1565/103/50 513/103/50
f 359/4/2 1410/141/2 358/141/2
f 923/98/51 1974/99/51 922/99/51
f 353/196/3 1404/202/3 352/202/3
f 482/440/52 1533/443/52 481/443/52
f 1019/106/53 2070/423/53 1018/423/53
f 669/149/54 1720/142/54 668/142/54
f 369/324/55 1420/326/55 368/326/55
f 1027/219/2 2078/417/2 1026/417/2
f 749/150/56 1800/151/56 748/151/56
f 741/161/57 1792/163/57 740/163/57
f 361/335/58 1412/3/58 360/3/58
f 351/176/2 1402/149/2 350/149/2
f 1026/417/59 2104/4/59 1052/4/59
f 377/336/60 1428/333/60 376/333/60
f 1035/431/61 2086/430/61 1034/430/61
f 522/447/62 1573/446/62 521/446/62
f 367/327/63 1418/328/63 366/328/63
f 1043/439/64 2094/154/64 1042/154/64
f 677/171/65 1728/169/65 676/169/65
f 474/112/66 1525/454/66 473/454/66
f 375/329/67 1426/325/67 374/325/67
f 733/177/68 1784/180/68 732/180/68
f 538/110/69 1589/111/69 537/111/69
f 1011/438/70 2062/440/70 1010/440/70
f 449/339/71 1500/338/71 448/338/71
f 455/345/72 1506/344/72 454/344/72
f 685/188/73 1736/186/73 684/186/73
f 530/120/74 1581/122/74 529/122/74
f 447/337/75 1498/349/75 446/349/75
f 642/132/76 1693/131/76 641/131/76
f 439/357/77 1490/358/77 438/358/77
f 1051/448/78 2102/447/78 1050/447/78
f 701/198/79 1752/200/79 700/200/79
f 1003/453/80 2054/112/80 1002/112/80
f 546/142/81 1597/139/81 545/139/81
f 693/206/82 1744/204/82 692/204/82
f 4/5/2 1055/1/2 3/1/2
f 634/140/83 1685/143/83 633/143/83
f 383/364/84 1434/361/84 382/361/84
f 626/151/85 1677/152/85 625/152/85
f 431/370/86 1482/372/86 430/372/86
f 709/213/87 1760/182/87 708/182/87
f 618/163/88 1669/165/88 617/165/88
f 68/18/89 1119/20/89 67/20/89
f 725/215/90 1776/217/90 724/217/90
f 457/4/91 1508/346/91 456/346/91
f 360/3/59 1509/4/59 457/4/59
f 717/225/92 1768/224/92 716/224/92
f 441/354/93 1492/355/93 440/355/93
f 554/169/94 1605/167/94 553/167/94
f 415/390/95 1466/388/95 414/388/95
f 391/391/96 1442/384/96 390/384/96
f 84/29/97 1135/27/97 83/27/97
f 781/111/98 1832/112/98 780/112/98
f 586/182/99 1637/183/99 585/183/99
f 423/393/100 1474/396/100 422/396/100
f 92/41/101 1143/39/101 91/39/101
f 407/401/102 1458/403/102 406/403/102
f 773/122/103 1824/123/103 772/123/103
f 433/367/104 1484/368/104 432/368/104
f 610/180/105 1661/185/105 609/185/105
f 399/412/106 1450/413/106 398/413/106
f 60/43/107 1111/45/107 59/45/107
f 385/369/108 1436/366/108 384/366/108
f 562/186/109 1613/181/109 561/181/109
f 885/131/110 1936/130/110 884/130/110
f 100/54/111 1151/52/111 99/52/111
f 409/380/59 1460/381/59 408/381/59
f 463/107/2 1514/106/2 462/106/2
f 52/60/112 1103/61/112 51/61/112
f 789/139/113 1840/136/113 788/136/113
f 578/200/114 1629/203/114 577/203/114
f 12/56/59 1063/67/59 11/67/59
f 570/204/115 1621/202/115 569/202/115
f 602/217/116 1653/220/116 601/220/116
f 495/420/117 1546/196/117 494/196/117
f 877/143/118 1928/144/118 876/144/118
f 20/75/119 1071/73/119 19/73/119
f 869/152/120 1920/154/120 868/154/120
f 425/386/121 1476/389/121 424/389/121
f 503/427/122 1554/109/122 502/109/122
f 44/78/123 1095/80/123 43/80/123
f 594/224/124 1645/222/124 593/222/124
f 36/91/125 1087/92/125 35/92/125
f 487/429/126 1538/433/126 486/433/126
f 28/99/127 1079/100/127 27/100/127
f 417/394/128 1468/392/128 416/392/128
f 658/112/129 1709/113/129 657/113/129
f 861/165/130 1912/166/130 860/166/130
f 797/167/131 1848/164/131 796/164/131
f 650/123/132 1701/125/132 649/125/132
f 511/436/133 1562/434/133 510/434/133
f 108/107/2 1159/106/2 107/106/2
f 519/141/134 1570/444/134 518/444/134
f 116/1/99 1167/2/99 115/2/99
f 762/130/135 1813/129/135 761/129/135
f 805/181/136 1856/179/136 804/179/136
f 666/136/137 1717/127/137 665/127/137
f 479/149/138 1530/450/138 478/450/138
f 132/113/139 1183/114/139 131/114/139
f 471/455/2 1522/416/2 470/416/2
f 829/183/140 1880/184/140 828/184/140
f 853/185/141 1904/189/141 852/189/141
f 393/402/142 1444/400/142 392/400/142
f 754/144/143 1805/145/143 753/145/143
f 535/113/139 1586/114/139 534/114/139
f 124/125/144 1175/126/144 123/126/144
f 401/409/145 1452/411/145 400/411/145
f 746/154/146 1797/155/146 745/155/146
f 140/127/147 1191/124/147 139/124/147
f 465/104/2 1516/109/2 464/109/2
f 813/202/148 1864/199/148 812/199/148
f 527/125/144 1578/126/144 526/126/144
f 236/129/149 1287/128/149 235/128/149
f 497/418/150 1548/419/150 496/419/150
f 674/164/151 1725/162/151 673/162/151
f 543/127/147 1594/124/147 542/124/147
f 228/145/152 1279/146/152 227/146/152
f 821/203/153 1872/205/153 820/205/153
f 738/166/154 1789/168/154 737/168/154
f 220/155/155 1271/157/155 219/157/155
f 489/202/156 1540/426/156 488/426/156
f 639/129/149 1690/128/149 638/128/149
f 837/222/157 1888/221/157 836/221/157
f 682/179/158 1733/178/158 681/178/158
f 631/145/152 1682/146/152 630/146/152
f 845/220/159 1896/223/159 844/223/159
f 623/155/155 1674/157/155 622/157/155
f 893/149/99 1944/112/99 892/112/99
f 505/428/160 1556/217/160 504/217/160
f 706/184/161 1757/187/161 705/187/161
f 148/162/162 1199/159/162 147/159/162
f 730/189/163 1781/195/163 729/195/163
f 212/168/164 1263/170/164 211/170/164
f 901/141/59 1952/154/59 900/154/59
f 513/103/165 1564/437/165 512/437/165
f 521/446/166 1572/445/166 520/445/166
f 690/199/167 1741/197/167 689/197/167
f 551/162/162 1602/159/162 550/159/162
f 965/15/168 2016/16/168 964/16/168
f 615/168/164 1666/170/164 614/170/164
f 156/178/169 1207/176/169 155/176/169
f 973/22/170 2024/21/170 972/21/170
f 481/443/171 1532/101/171 480/101/171
f 698/205/172 1749/207/172 697/207/172
f 981/33/173 2032/31/173 980/31/173
f 180/187/174 1231/190/174 179/190/174
f 559/178/169 1610/176/169 558/176/169
f 957/35/175 2008/38/175 956/38/175
f 714/221/176 1765/219/176 713/219/176
f 722/223/177 1773/226/177 721/226/177
f 583/187/174 1634/190/174 582/190/174
f 164/197/178 1215/194/178 163/194/178
f 989/46/179 2040/44/179 988/44/179
f 204/195/180 1255/201/180 203/201/180
f 949/57/181 2000/58/181 948/58/181
f 778/114/182 1829/116/182 777/116/182
f 786/124/183 1837/121/183 785/121/183
f 567/197/184 1618/194/184 566/194/184
f 172/207/185 1223/209/185 171/209/185
f 607/195/180 1658/201/180 606/201/180
f 909/68/186 1960/65/186 908/65/186
f 770/126/187 1821/3/187 769/3/187
f 188/219/188 1239/218/188 187/218/188
f 941/71/189 1992/74/189 940/74/189
f 575/207/185 1626/209/185 574/209/185
f 196/226/190 1247/229/190 195/229/190
f 284/237/191 1335/235/191 283/235/191
f 473/454/2 1524/449/2 472/449/2
f 591/219/188 1642/218/188 590/218/188
f 917/81/192 1968/79/192 916/79/192
f 599/226/190 1650/229/190 598/229/190
f 276/236/193 1327/238/193 275/238/193
f 933/87/194 1984/89/194 932/89/194
f 537/111/98 1588/112/98 536/112/98
f 925/96/195 1976/97/195 924/97/195
f 655/116/196 1706/117/196 654/117/196
f 308/250/197 1359/247/197 307/247/197
f 529/122/103 1580/123/103 528/123/103
f 300/251/198 1351/253/198 299/253/198
f 1021/421/199 2072/422/199 1020/422/199
f 663/121/200 1714/118/200 662/118/200
f 1029/425/201 2080/424/201 1028/424/201
f 641/131/202 1692/130/202 640/130/202
f 890/4/203 1941/135/203 889/135/203
f 767/135/204 1818/134/204 766/134/204
f 1037/172/205 2088/432/205 1036/432/205
f 769/3/59 1942/4/59 890/4/59
f 759/138/206 1810/137/206 758/137/206
f 316/275/207 1367/272/207 315/272/207
f 545/139/113 1596/136/113 544/136/113
f 882/128/208 1933/138/208 881/138/208
f 751/147/209 1802/148/209 750/148/209
f 1013/435/210 2064/176/210 1012/176/210
f 874/146/211 1925/147/211 873/147/211
f 268/274/212 1319/279/212 267/279/212
f 1045/442/213 2096/441/213 1044/441/213
f 633/143/118 1684/144/118 632/144/118
f 324/298/214 1375/296/214 323/296/214
f 1005/451/215 2056/452/215 1004/452/215
f 625/152/120 1676/154/120 624/154/120
f 671/156/216 1722/153/216 670/153/216
f 332/299/217 1383/303/217 331/303/217
f 866/157/218 1917/158/218 865/158/218
f 743/158/219 1794/160/219 742/160/219
f 6/8/2 1057/6/2 5/6/2
f 794/159/220 1845/156/220 793/156/220
f 858/170/221 1909/172/221 857/172/221
f 70/16/222 1121/17/222 69/17/222
f 617/165/130 1668/166/130 616/166/130
f 735/172/223 1786/174/223 734/174/223
f 78/21/224 1129/19/224 77/19/224
f 553/167/131 1604/164/131 552/164/131
f 802/176/225 1853/175/225 801/175/225
f 679/175/226 1730/173/226 678/173/226
f 86/31/227 1137/30/227 85/30/227
f 252/312/228 1303/307/228 251/307/228
f 826/190/229 1877/192/229 825/192/229
f 687/193/9 1738/191/9 686/191/9
f 260/311/230 1311/313/230 259/313/230
f 62/38/231 1113/40/231 61/40/231
f 561/181/136 1612/179/136 560/179/136
f 356/172/59 1407/217/59 355/217/59
f 810/194/232 1861/193/232 809/193/232
f 703/192/233 1754/196/233 702/196/233
f 585/183/140 1636/184/140 584/184/140
f 850/201/234 1901/210/234 849/210/234
f 372/321/235 1423/322/235 371/322/235
f 94/44/236 1145/42/236 93/42/236
f 609/185/141 1660/189/141 608/189/141
f 102/4/3 1153/55/3 101/55/3
f 695/211/18 1746/208/18 694/208/18
f 364/331/237 1415/332/237 363/332/237
f 54/58/238 1105/59/238 53/59/238
f 818/209/239 1869/211/239 817/211/239
f 727/210/21 1778/212/21 726/212/21
f 569/202/148 1620/199/148 568/199/148
f 452/342/240 1503/341/240 451/341/240
f 14/65/241 1065/64/241 13/64/241
f 444/350/242 1495/351/242 443/351/242
f 46/74/243 1097/76/243 45/76/243
f 577/203/153 1628/205/153 576/205/153
f 834/218/244 1885/216/244 833/216/244
f 711/216/27 1762/214/27 710/214/27
f 593/222/245 1644/221/245 592/221/245
f 842/229/246 1893/228/246 841/228/246
f 719/228/31 1770/227/31 718/227/31
f 22/79/247 1073/77/247 21/77/247
f 601/220/248 1652/223/248 600/223/248
f 783/115/35 1834/110/35 782/110/35
f 380/356/249 1431/353/249 379/353/249
f 38/89/250 1089/90/250 37/90/250
f 436/362/251 1487/363/251 435/363/251
f 30/97/252 1081/98/252 29/98/252
f 657/113/139 1708/114/139 656/114/139
f 898/217/2 1949/219/2 897/219/2
f 775/119/37 1826/120/37 774/120/37
f 110/104/2 1161/109/2 109/109/2
f 887/133/39 1938/132/39 886/132/39
f 388/375/253 1439/373/253 387/373/253
f 118/6/99 1169/5/99 117/5/99
f 649/125/144 1700/126/144 648/126/144
f 962/18/254 2013/20/254 961/20/254
f 879/141/41 1930/140/41 878/140/41
f 428/376/255 1479/378/255 427/378/255
f 665/127/147 1716/124/147 664/124/147
f 412/385/256 1463/383/256 411/383/256
f 420/398/257 1471/397/257 419/397/257
f 134/111/98 1185/112/98 133/112/98
f 761/129/149 1812/128/149 760/128/149
f 404/405/258 1455/407/258 403/407/258
f 753/145/152 1804/146/152 752/146/152
f 978/29/97 2029/27/97 977/27/97
f 126/122/259 1177/123/259 125/123/259
f 745/155/155 1796/157/155 744/157/155
f 986/41/101 2037/39/101 985/39/101
f 238/131/110 1289/130/110 237/130/110
f 954/43/107 2005/45/107 953/45/107
f 791/149/54 1842/142/54 790/142/54
f 871/150/56 1922/151/56 870/151/56
f 396/414/260 1447/410/260 395/410/260
f 142/139/113 1193/136/113 141/136/113
f 673/162/162 1724/159/162 672/159/162
f 994/54/111 2045/52/111 993/52/111
f 863/161/57 1914/163/57 862/163/57
f 460/101/261 1511/102/261 459/102/261
f 737/168/164 1788/170/164 736/170/164
f 946/60/112 1997/61/112 945/61/112
f 468/4/3 1519/105/3 467/105/3
f 906/56/59 1957/67/59 905/67/59
f 230/143/118 1281/144/118 229/144/118
f 799/171/65 1850/169/65 798/169/65
f 492/422/262 1543/106/262 491/106/262
f 222/152/120 1273/154/120 221/154/120
f 681/178/169 1732/176/169 680/176/169
f 855/177/263 1906/180/263 854/180/263
f 500/424/264 1551/219/264 499/219/264
f 914/75/265 1965/73/265 913/73/265
f 508/432/266 1559/431/266 507/431/266
f 705/187/174 1756/190/174 704/190/174
f 938/78/267 1989/80/267 937/80/267
f 807/188/73 1858/186/73 806/186/73
f 930/91/268 1981/92/268 929/92/268
f 484/176/269 1535/438/269 483/438/269
f 214/165/130 1265/166/130 213/166/130
f 922/99/270 1973/100/270 921/100/270
f 823/198/271 1874/200/271 822/200/271
f 150/167/131 1201/164/131 149/164/131
f 689/197/178 1740/194/178 688/194/178
f 729/195/180 1780/201/180 728/201/180
f 815/206/82 1866/204/82 814/204/82
f 516/441/272 1567/439/272 515/439/272
f 1018/423/40 2069/202/40 1017/202/40
f 524/4/3 1575/448/3 523/448/3
f 158/181/136 1209/179/136 157/179/136
f 697/207/185 1748/209/185 696/209/185
f 476/452/273 1527/453/273 475/453/273
f 831/213/87 1882/182/87 830/182/87
f 540/118/274 1591/115/274 539/115/274
f 182/183/140 1233/184/140 181/184/140
f 713/219/188 1764/218/188 712/218/188
f 847/215/90 1898/217/90 846/217/90
f 206/185/141 1257/189/141 205/189/141
f 721/226/190 1772/229/190 720/229/190
f 1034/430/192 2085/428/192 1033/428/192
f 532/117/275 1583/119/275 531/119/275
f 1042/154/50 2093/103/50 1041/103/50
f 839/225/92 1890/224/92 838/224/92
f 644/134/276 1695/133/276 643/133/276
f 777/116/196 1828/117/196 776/117/196
f 895/202/59 1946/176/59 894/176/59
f 636/137/277 1687/141/277 635/141/277
f 166/202/278 1217/199/278 165/199/278
f 1010/440/52 2061/443/52 1009/443/52
f 785/121/200 1836/118/200 784/118/200
f 967/13/279 2018/14/279 966/14/279
f 174/203/153 1225/205/153 173/205/153
f 889/135/204 1940/134/204 888/134/204
f 975/25/280 2026/23/280 974/23/280
f 628/148/281 1679/150/281 627/150/281
f 881/138/206 1932/137/206 880/137/206
f 190/222/245 1241/221/245 189/221/245
f 873/147/209 1924/148/209 872/148/209
f 959/28/282 2010/32/282 958/32/282
f 198/220/248 1249/223/248 197/223/248
f 1050/447/62 2101/446/62 1049/446/62
f 548/153/283 1599/149/283 547/149/283
f 1002/112/66 2053/454/66 1001/454/66
f 620/160/284 1671/161/284 619/161/284
f 278/233/285 1329/234/285 277/234/285
f 3/1/99 1054/2/99 2/2/99
f 983/36/286 2034/34/286 982/34/286
f 793/156/287 1844/153/287 792/153/287
f 991/49/288 2042/48/288 990/48/288
f 286/241/289 1337/239/289 285/239/289
f 865/158/219 1916/160/219 864/160/219
f 556/173/290 1607/171/290 555/171/290
f 75/11/291 1126/12/291 74/12/291
f 951/50/292 2002/53/292 950/53/292
f 612/174/293 1663/177/293 611/177/293
f 302/246/294 1353/109/294 301/109/294
f 310/256/295 1361/252/295 309/252/295
f 857/172/223 1908/174/223 856/174/223
f 801/175/226 1852/173/226 800/173/226
f 67/20/296 1118/24/296 66/24/296
f 943/63/297 1994/66/297 942/66/297
f 564/191/298 1615/188/298 563/188/298
f 270/264/299 1321/270/299 269/270/299
f 809/193/9 1860/191/9 808/191/9
f 911/70/300 1962/69/300 910/69/300
f 580/196/301 1631/198/301 579/198/301
f 294/269/302 1345/273/302 293/273/302
f 83/27/303 1134/26/303 82/26/303
f 825/192/12 1876/196/12 824/196/12
f 572/208/304 1623/206/304 571/206/304
f 91/39/305 1142/37/305 90/37/305
f 935/84/306 1986/85/306 934/85/306
f 588/214/307 1639/213/307 587/213/307
f 318/281/308 1369/278/308 317/278/308
f 817/211/18 1868/208/18 816/208/18
f 59/45/309 1110/47/309 58/47/309
f 919/86/310 1970/83/310 918/83/310
f 604/212/311 1655/215/311 603/215/311
f 246/283/312 1297/277/312 245/277/312
f 849/210/21 1900/212/21 848/212/21
f 927/94/313 1978/95/313 926/95/313
f 334/294/314 1385/297/314 333/297/314
f 326/304/315 1377/302/315 325/302/315
f 99/52/316 1150/51/316 98/51/316
f 596/227/317 1647/225/317 595/225/317
f 833/216/27 1884/214/27 832/214/27
f 1023/420/117 2074/196/117 1022/196/117
f 660/110/69 1711/111/69 659/111/69
f 262/300/318 1313/306/318 261/306/318
f 51/61/319 1102/62/319 50/62/319
f 841/228/31 1892/227/31 840/227/31
f 11/67/2 1062/9/2 10/9/2
f 1031/427/320 2082/109/320 1030/109/320
f 652/120/74 1703/122/74 651/122/74
f 897/219/59 1948/196/59 896/196/59
f 764/132/76 1815/131/76 763/131/76
f 19/73/321 1070/72/321 18/72/321
f 1015/429/126 2066/433/126 1014/433/126
f 43/80/322 1094/82/322 42/82/322
f 668/142/81 1719/139/81 667/139/81
f 254/316/323 1305/314/323 253/314/323
f 969/11/291 2020/12/291 968/12/291
f 342/1/99 1393/2/99 341/2/99
f 1039/436/324 2090/434/324 1038/434/324
f 756/140/83 1807/143/83 755/143/83
f 350/149/99 1401/112/99 349/112/99
f 1047/141/134 2098/444/134 1046/444/134
f 748/151/85 1799/152/85 747/152/85
f 961/20/296 2012/24/296 960/24/296
f 740/163/88 1791/165/88 739/165/88
f 358/141/59 1409/154/59 357/154/59
f 1007/149/138 2058/450/138 1006/450/138
f 374/325/325 1425/320/325 373/320/325
f 999/455/2 2050/416/2 998/416/2
f 977/27/303 2028/26/303 976/26/303
f 35/92/326 1086/93/326 34/93/326
f 8/4/2 1059/7/2 7/7/2
f 676/169/94 1727/167/94 675/167/94
f 366/328/327 1417/330/327 365/330/327
f 454/344/328 1505/343/328 453/343/328
f 985/39/329 2036/37/329 984/37/329
f 72/14/330 1123/15/330 71/15/330
f 708/182/99 1759/183/99 707/183/99
f 446/349/331 1497/348/331 445/348/331
f 80/23/332 1131/22/332 79/22/332
f 953/45/309 2004/47/309 952/47/309
f 88/34/333 1139/33/333 87/33/333
f 732/180/105 1783/185/105 731/185/105
f 684/186/109 1735/181/109 683/181/109
f 438/358/334 1489/360/334 437/360/334
f 64/32/335 1115/35/335 63/35/335
f 382/361/336 1433/359/336 381/359/336
f 993/52/316 2044/51/316 992/51/316
f 27/100/2 1078/88/2 26/88/2
f 430/372/337 1481/374/337 429/374/337
f 107/106/338 1158/108/338 106/108/338
f 700/200/114 1751/203/114 699/203/114
f 945/61/339 1996/62/339 944/62/339
f 96/48/340 1147/46/340 95/46/340
f 692/204/115 1743/202/115 691/202/115
f 905/67/2 1956/9/2 904/9/2
f 115/2/3 1166/3/3 114/3/3
f 56/53/341 1107/57/341 55/57/341
f 724/217/116 1775/220/116 723/220/116
f 114/3/59 1173/4/59 121/4/59
f 390/384/342 1441/377/342 389/377/342
f 913/73/321 1964/72/321 912/72/321
f 16/69/343 1067/68/343 15/68/343
f 414/388/344 1465/387/344 413/387/344
f 937/80/322 1988/82/322 936/82/322
f 131/114/182 1182/116/182 130/116/182
f 48/66/345 1099/71/345 47/71/345
f 716/224/124 1767/222/124 715/222/124
f 422/396/346 1473/399/346 421/399/346
f 139/124/183 1190/121/183 138/121/183
f 406/403/347 1457/404/347 405/404/347
f 780/112/129 1831/113/129 779/113/129
f 398/413/348 1449/415/348 397/415/348
f 123/126/187 1174/3/187 122/3/187
f 24/83/349 1075/81/349 23/81/349
f 462/106/338 1513/108/338 461/108/338
f 40/85/350 1091/87/350 39/87/350
f 772/123/132 1823/125/132 771/125/132
f 470/416/99 1521/3/99 469/3/99
f 32/95/351 1083/96/351 31/96/351
f 884/130/135 1935/129/135 883/129/135
f 469/3/3 1549/418/3 497/418/3
f 929/92/326 1980/93/326 928/93/326
f 104/102/3 1155/3/3 103/3/3
f 788/136/137 1839/127/137 787/127/137
f 494/196/352 1545/421/352 493/421/352
f 103/3/353 1162/104/353 110/104/353
f 502/109/354 1553/425/354 501/425/354
f 111/103/355 1165/4/355 113/4/355
f 876/144/143 1927/145/143 875/145/143
f 510/434/356 1561/172/356 509/172/356
f 112/105/357 1163/103/357 111/103/357
f 868/154/146 1919/155/146 867/155/146
f 243/4/203 1294/135/203 242/135/203
f 120/7/59 1171/8/59 119/8/59
f 486/433/358 1537/435/358 485/435/358
f 122/3/59 1295/4/59 243/4/59
f 136/115/35 1187/110/35 135/110/35
f 480/101/359 1531/149/359 479/149/359
f 921/100/2 1972/88/2 920/88/2
f 235/128/208 1286/138/208 234/138/208
f 796/164/360 1847/162/360 795/162/360
f 472/449/59 1523/455/59 471/455/59
f 227/146/211 1278/147/211 226/147/211
f 128/119/37 1179/120/37 127/120/37
f 860/166/154 1911/168/154 859/168/154
f 518/444/361 1569/442/361 517/442/361
f 1025/418/150 2076/419/150 1024/419/150
f 536/112/129 1587/113/129 535/113/129
f 478/450/362 1529/451/362 477/451/362
f 240/133/39 1291/132/39 239/132/39
f 804/179/158 1855/178/158 803/178/158
f 1017/202/156 2068/426/156 1016/426/156
f 232/141/41 1283/140/41 231/140/41
f 528/123/132 1579/125/132 527/125/132
f 534/114/182 1585/116/182 533/116/182
f 219/157/218 1270/158/218 218/158/218
f 828/184/161 1879/187/161 827/187/161
f 542/124/183 1593/121/183 541/121/183
f 147/159/220 1198/156/220 146/156/220
f 852/189/163 1903/195/163 851/195/163
f 640/130/135 1691/129/135 639/129/135
f 1033/428/363 2084/217/363 1032/217/363
f 211/170/221 1262/172/221 210/172/221
f 544/136/137 1595/127/137 543/127/137
f 526/126/187 1577/3/187 525/3/187
f 812/199/167 1863/197/167 811/197/167
f 1041/103/364 2092/437/364 1040/437/364
f 155/176/365 1206/175/365 154/175/365
f 1049/446/166 2100/445/166 1048/445/166
f 820/205/172 1871/207/172 819/207/172
f 632/144/143 1683/145/143 631/145/143
f 179/190/366 1230/192/366 178/192/366
f 144/149/54 1195/142/54 143/142/54
f 624/154/146 1675/155/146 623/155/146
f 1009/443/171 2060/101/171 1008/101/171
f 224/150/56 1275/151/56 223/151/56
f 163/194/367 1214/193/367 162/193/367
f 216/161/57 1267/163/57 215/163/57
f 836/221/176 1887/219/176 835/219/176
f 203/201/234 1254/210/234 202/210/234
f 844/223/177 1895/226/177 843/226/177
f 552/164/151 1603/162/151 551/162/151
f 616/166/154 1667/168/154 615/168/154
f 152/171/65 1203/169/65 151/169/65
f 892/112/3 1943/3/3 891/3/3
f 646/4/203 1697/135/203 645/135/203
f 171/209/239 1222/211/239 170/211/239
f 208/177/68 1259/180/68 207/180/68
f 891/3/59 1954/4/59 902/4/59
f 560/179/158 1611/178/158 559/178/158
f 525/3/59 1698/4/59 646/4/59
f 900/154/3 1951/172/3 899/172/3
f 638/128/208 1689/138/208 637/138/208
f 160/188/73 1211/186/73 159/186/73
f 584/184/161 1635/187/161 583/187/161
f 630/146/211 1681/147/211 629/147/211
f 187/218/244 1238/216/244 186/216/244
f 964/16/222 2015/17/222 963/17/222
f 608/189/163 1659/195/163 607/195/163
f 176/198/79 1227/200/79 175/200/79
f 972/21/224 2023/19/224 971/19/224
f 195/229/246 1246/228/246 194/228/246
f 980/31/227 2031/30/227 979/30/227
f 568/199/167 1619/197/167 567/197/167
f 283/235/368 1334/106/368 282/106/368
f 168/206/82 1219/204/82 167/204/82
f 622/157/218 1673/158/218 621/158/218
f 1001/454/2 2052/449/2 1000/449/2
f 956/38/231 2007/40/231 955/40/231
f 576/205/172 1627/207/172 575/207/172
f 550/159/220 1601/156/220 549/156/220
f 275/238/369 1326/240/369 274/240/369
f 614/170/370 1665/172/370 613/172/370
f 184/213/87 1235/182/87 183/182/87
f 200/215/90 1251/217/90 199/217/90
f 988/44/236 2039/42/236 987/42/236
f 592/221/176 1643/219/176 591/219/176
f 558/176/225 1609/175/225 557/175/225
f 996/4/3 2047/55/3 995/55/3
f 600/223/177 1651/226/177 599/226/177
f 307/247/371 1358/245/371 306/245/371
f 192/225/92 1243/224/92 191/224/92
f 948/58/238 1999/59/238 947/59/238
f 582/190/366 1633/192/366 581/192/366
f 656/114/182 1707/116/182 655/116/182
f 299/253/372 1350/257/372 298/257/372
f 280/231/373 1331/232/373 279/232/373
f 908/65/241 1959/64/241 907/64/241
f 664/124/183 1715/121/183 663/121/183
f 566/194/367 1617/193/367 565/193/367
f 304/242/374 1355/243/374 303/243/374
f 940/74/243 1991/76/243 939/76/243
f 606/201/234 1657/210/234 605/210/234
f 648/126/187 1699/3/187 647/3/187
f 291/271/375 1342/265/375 290/265/375
f 916/79/247 1967/77/247 915/77/247
f 574/209/239 1625/211/239 573/211/239
f 315/272/376 1366/268/376 314/268/376
f 288/255/377 1339/249/377 287/249/377
f 932/89/250 1983/90/250 931/90/250
f 339/4/378 1390/280/378 338/280/378
f 924/97/252 1975/98/252 923/98/252
f 272/254/379 1323/260/379 271/260/379
f 590/218/244 1641/216/244 589/216/244
f 267/279/380 1318/282/380 266/282/380
f 312/262/381 1363/258/381 311/258/381
f 1020/422/382 2071/106/382 1019/106/382
f 1028/424/264 2079/219/264 1027/219/264
f 598/229/246 1649/228/246 597/228/246
f 323/296/383 1374/293/383 322/293/383
f 296/263/384 1347/267/384 295/267/384
f 1036/432/385 2087/431/385 1035/431/385
f 662/118/274 1713/115/274 661/115/274
f 768/4/203 1819/135/203 767/135/203
f 320/103/386 1371/285/386 319/285/386
f 1012/176/269 2063/438/269 1011/438/269
f 647/3/59 1820/4/59 768/4/59
f 654/117/275 1705/119/275 653/119/275
f 760/128/208 1811/138/208 759/138/208
f 766/134/276 1817/133/276 765/133/276
f 331/303/387 1382/305/387 330/305/387
f 248/290/388 1299/287/388 247/287/388
f 752/146/211 1803/147/211 751/147/211
f 758/137/277 1809/141/277 757/141/277
f 251/307/389 1302/301/389 250/301/389
f 336/288/390 1387/292/390 335/292/390
f 1044/441/391 2095/439/391 1043/439/391
f 259/313/392 1310/315/392 258/315/392
f 1052/4/3 2103/448/3 1051/448/3
f 347/4/2 1398/7/2 346/7/2
f 264/289/393 1315/101/393 263/101/393
f 1004/452/273 2055/453/273 1003/453/273
f 750/148/281 1801/150/281 749/150/281
f 744/157/218 1795/158/218 743/158/218
f 5/6/99 1056/5/99 4/5/99
f 672/159/220 1723/156/220 671/156/220
f 355/217/2 1406/219/2 354/219/2
f 328/310/394 1379/308/394 327/308/394
f 736/170/221 1787/172/221 735/172/221
f 670/153/283 1721/149/283 669/149/283
f 742/160/284 1793/161/284 741/161/284
f 371/322/395 1422/323/395 370/323/395
f 256/319/396 1307/318/396 255/318/396
f 69/17/397 1120/18/397 68/18/397
f 680/176/225 1731/175/225 679/175/225
f 77/19/2 1128/10/2 76/10/2
f 363/332/398 1414/334/398 362/334/398
f 344/6/99 1395/5/99 343/5/99
f 704/190/366 1755/192/366 703/192/366
f 678/173/290 1729/171/290 677/171/290
f 451/341/399 1502/340/399 450/340/399
f 76/10/59 1154/4/59 102/4/59
f 734/174/293 1785/177/293 733/177/293
f 352/202/59 1403/176/59 351/176/59
f 85/30/400 1136/29/400 84/29/400
f 688/194/367 1739/193/367 687/193/367
f 93/42/401 1144/41/401 92/41/401
f 728/201/234 1779/210/234 727/210/234
f 368/326/402 1419/327/402 367/327/402
f 686/191/298 1737/188/298 685/188/298
f 376/333/403 1427/329/403 375/329/403
f 61/40/11 1112/43/11 60/43/11
f 443/351/404 1494/352/404 442/352/404
f 448/338/405 1499/337/405 447/337/405
f 696/209/239 1747/211/239 695/211/239
f 702/196/301 1753/198/301 701/198/301
f 379/353/406 1430/347/406 378/347/406
f 456/346/407 1507/345/407 455/345/407
f 101/55/15 1152/54/15 100/54/15
f 435/363/408 1486/365/408 434/365/408
f 440/355/409 1491/357/409 439/357/409
f 694/208/304 1745/206/304 693/206/304
f 712/218/410 1763/216/410 711/216/410
f 710/214/307 1761/213/307 709/213/307
f 387/373/411 1438/371/411 386/371/411
f 384/366/412 1435/364/412 383/364/412
f 720/229/246 1771/228/246 719/228/246
f 726/212/311 1777/215/311 725/215/311
f 427/378/413 1478/382/413 426/382/413
f 432/368/414 1483/370/414 431/370/414
f 784/118/274 1835/115/274 783/115/274
f 411/383/415 1462/379/415 410/379/415
f 419/397/416 1470/395/416 418/395/416
f 416/392/417 1467/390/417 415/390/417
f 776/117/275 1827/119/275 775/119/275
f 718/227/317 1769/225/317 717/225/317
f 53/59/34 1104/60/34 52/60/34
f 888/134/276 1939/133/276 887/133/276
f 782/110/69 1833/111/69 781/111/69
f 424/389/418 1475/393/418 423/393/418
f 880/137/277 1931/141/277 879/141/277
f 774/120/74 1825/122/74 773/122/74
f 403/407/419 1454/408/419 402/408/419
f 886/132/76 1937/131/76 885/131/76
f 13/64/2 1064/56/2 12/56/2
f 872/148/281 1923/150/281 871/150/281
f 395/410/420 1446/406/420 394/406/420
f 392/400/421 1443/391/421 391/391/421
f 790/142/81 1841/139/81 789/139/81
f 408/381/422 1459/401/422 407/401/422
f 459/102/3 1510/3/3 458/3/3
f 400/411/423 1451/412/423 399/412/423
f 21/77/45 1072/75/45 20/75/45
f 792/153/424 1843/149/424 791/149/424
f 878/140/83 1929/143/83 877/143/83
f 45/76/47 1096/78/47 44/78/47
f 864/160/284 1915/161/284 863/161/284
f 870/151/425 1921/152/425 869/152/425
f 458/3/353 1517/104/353 465/104/353
f 37/90/426 1088/91/426 36/91/426
f 862/163/427 1913/165/427 861/165/427
f 466/103/355 1520/4/355 468/4/355
f 464/109/428 1515/107/428 463/107/428
f 29/98/429 1080/99/429 28/99/429
f 467/105/357 1518/103/357 466/103/357
f 800/173/290 1851/171/290 799/171/290
f 496/419/430 1547/420/430 495/420/430
f 856/174/293 1907/177/293 855/177/293
f 798/169/94 1849/167/94 797/167/94
f 491/106/53 1542/423/53 490/423/53
f 504/217/431 1555/427/431 503/427/431
f 109/109/428 1160/107/428 108/107/428
f 499/219/2 1550/417/2 498/417/2
f 830/182/99 1881/183/99 829/183/99
f 488/426/432 1539/429/432 487/429/432
f 117/5/2 1168/1/2 116/1/2
f 808/191/298 1859/188/298 807/188/298
f 498/417/59 1576/4/59 524/4/59
f 854/180/433 1905/185/433 853/185/433
f 507/431/61 1558/430/61 506/430/61
f 133/112/129 1184/113/129 132/113/129
f 824/196/301 1875/198/301 823/198/301
f 806/186/434 1857/181/434 805/181/434
f 515/439/435 1566/154/435 514/154/435
f 512/437/436 1563/436/436 511/436/436
f 125/123/437 1176/125/437 124/125/437
f 816/208/304 1867/206/304 815/206/304
f 483/438/70 1534/440/70 482/440/70
f 520/445/438 1571/141/438 519/141/438
f 822/200/114 1873/203/114 821/203/114
f 237/130/135 1288/129/135 236/129/135
f 832/214/307 1883/213/307 831/213/307
f 814/204/115 1865/202/115 813/202/115
f 141/136/137 1192/127/137 140/127/137
f 848/212/311 1899/215/311 847/215/311
f 846/217/116 1897/220/116 845/220/116
f 523/448/78 1574/447/78 522/447/78
f 475/453/80 1526/112/80 474/112/80
f 539/115/35 1590/110/35 538/110/35
f 229/144/143 1280/145/143 228/145/143
f 840/227/317 1891/225/317 839/225/317
f 838/224/124 1889/222/124 837/222/124
f 221/154/439 1272/155/439 220/155/439
f 896/196/3 1947/202/3 895/202/3
f 2/2/3 1053/3/3 1/3/3
f 531/119/37 1582/120/37 530/120/37
f 904/9/99 1955/3/99 903/3/99
f 1/3/59 1060/4/59 8/4/59
f 902/4/2 1953/141/2 901/141/2
f 10/9/99 1061/3/99 9/3/99
f 643/133/39 1694/132/39 642/132/39
f 149/164/360 1200/162/360 148/162/360
f 903/3/3 2021/11/3 969/11/3
f 635/141/41 1686/140/41 634/140/41
f 213/166/154 1264/168/154 212/168/154
f 9/3/3 1127/11/3 75/11/3
f 968/12/440 2019/13/440 967/13/440
f 157/179/158 1208/178/158 156/178/158
f 976/26/441 2027/25/441 975/25/441
f 74/12/440 1125/13/440 73/13/440
f 894/176/2 1945/149/2 893/149/2
f 82/26/441 1133/25/441 81/25/441
f 181/184/161 1232/187/161 180/187/161
f 960/24/442 2011/28/442 959/28/442
f 966/14/330 2017/15/330 965/15/330
f 205/189/163 1256/195/163 204/195/163
f 66/24/442 1117/28/442 65/28/442
f 974/23/332 2025/22/332 973/22/332
f 982/34/333 2033/33/333 981/33/333
f 547/149/54 1598/142/54 546/142/54
f 165/199/167 1216/197/167 164/197/167
f 627/150/56 1678/151/56 626/151/56
f 984/37/443 2035/36/443 983/36/443
f 958/32/335 2009/35/335 957/35/335
f 619/161/57 1670/163/57 618/163/57
f 173/205/172 1224/207/172 172/207/172
f 90/37/443 1141/36/443 89/36/443
f 952/47/444 2003/50/444 951/50/444
f 992/51/445 2043/49/445 991/49/445
f 58/47/444 1109/50/444 57/50/444
f 990/48/340 2041/46/340 989/46/340
f 555/171/65 1606/169/65 554/169/65
f 189/221/176 1240/219/176 188/219/176
f 98/51/445 1149/49/445 97/49/445
f 950/53/341 2001/57/341 949/57/341
f 611/177/68 1662/180/68 610/180/68
f 197/223/177 1248/226/177 196/226/177
f 944/62/446 1995/63/446 943/63/446
f 910/69/343 1961/68/343 909/68/343
f 563/188/73 1614/186/73 562/186/73
f 277/234/447 1328/236/447 276/236/447
f 50/62/446 1101/63/446 49/63/446
f 942/66/448 1993/71/448 941/71/448
f 579/198/79 1630/200/79 578/200/79
f 285/239/449 1336/237/449 284/237/449
f 912/72/450 1963/70/450 911/70/450
f 301/109/451 1352/251/451 300/251/451
f 936/82/452 1987/84/452 935/84/452
f 18/72/450 1069/70/450 17/70/450
f 918/83/349 1969/81/349 917/81/349
f 571/206/82 1622/204/82 570/204/82
f 309/252/453 1360/250/453 308/250/453
f 42/82/452 1093/84/452 41/84/452
f 934/85/454 1985/87/454 933/87/454
f 926/95/351 1977/96/351 925/96/351
f 269/270/455 1320/274/455 268/274/455
f 920/88/456 1971/86/456 919/86/456
f 998/416/99 2049/3/99 997/3/99
f 587/213/87 1638/182/87 586/182/87
f 244/3/457 1343/271/457 291/271/457
f 928/93/458 1979/94/458 927/94/458
f 26/88/456 1077/86/456 25/86/456
f 603/215/90 1654/217/90 602/217/90
f 34/93/459 1085/94/459 33/94/459
f 997/3/3 2077/418/3 1025/418/3
f 1024/419/430 2075/420/430 1023/420/430
f 595/225/92 1646/224/92 594/224/92
f 1032/217/431 2083/427/431 1031/427/431
f 1022/196/352 2073/421/352 1021/421/352
f 293/273/460 1344/276/460 292/276/460
f 1030/109/354 2081/425/354 1029/425/354
f 659/111/98 1710/112/98 658/112/98
f 245/277/461 1296/3/461 244/3/461
f 1016/426/432 2067/429/432 1015/429/432
f 106/108/2 1157/101/2 105/101/2
f 1038/434/462 2089/172/462 1037/172/462
f 292/276/463 1391/4/463 339/4/463
f 651/122/103 1702/123/103 650/123/103
f 317/278/464 1368/275/464 316/275/464
f 130/116/196 1181/117/196 129/117/196
f 1014/433/358 2065/435/358 1013/435/358
f 763/131/202 1814/130/202 762/130/202
f 333/297/465 1384/299/465 332/299/465
f 1040/437/436 2091/436/436 1039/436/436
f 138/121/200 1189/118/200 137/118/200
f 325/302/466 1376/298/466 324/298/466
f 1048/445/467 2099/141/467 1047/141/467
f 242/135/204 1293/134/204 241/134/204
f 1046/444/361 2097/442/361 1045/442/361
f 667/139/113 1718/136/113 666/136/113
f 261/306/468 1312/311/468 260/311/468
f 1008/101/359 2059/149/359 1007/149/359
f 234/138/206 1285/137/206 233/137/206
f 1006/450/469 2057/451/469 1005/451/469
f 1000/449/59 2051/455/59 999/455/59
f 226/147/209 1277/148/209 225/148/209
f 7/7/59 1058/8/59 6/8/59
f 755/143/118 1806/144/118 754/144/118
f 253/314/470 1304/312/470 252/312/470
f 73/13/279 1124/14/279 72/14/279
f 71/15/168 1122/16/168 70/16/168
f 747/152/120 1798/154/120 746/154/120
f 81/25/280 1132/23/280 80/23/280
f 79/22/170 1130/21/170 78/21/170
f 341/2/3 1392/3/3 340/3/3
f 146/156/287 1197/153/287 145/153/287
f 87/33/173 1138/31/173 86/31/173
f 340/3/59 1399/4/59 347/4/59
f 65/28/282 1116/32/282 64/32/282
f 218/158/219 1269/160/219 217/160/219
f 63/35/471 1114/38/471 62/38/471
f 739/165/130 1790/166/130 738/166/130
f 349/112/3 1400/3/3 348/3/3
f 675/167/131 1726/164/131 674/164/131
f 348/3/59 1411/4/59 359/4/59
f 89/36/286 1140/34/286 88/34/286
f 210/172/223 1261/174/223 209/174/223
f 95/46/472 1146/44/472 94/44/472
f 357/154/3 1408/172/3 356/172/3
f 97/49/288 1148/48/288 96/48/288
f 154/175/226 1205/173/226 153/173/226
f 55/57/181 1106/58/181 54/58/181
f 373/320/473 1424/321/473 372/321/473
f 683/181/136 1734/179/136 682/179/136
f 57/50/292 1108/53/292 56/53/292
f 162/193/9 1213/191/9 161/191/9
f 365/330/474 1416/331/474 364/331/474
f 15/68/186 1066/65/186 14/65/186
f 707/183/140 1758/184/140 706/184/140
f 453/343/475 1504/342/475 452/342/475
f 178/192/12 1229/196/12 177/196/12
f 47/71/189 1098/74/189 46/74/189
f 731/185/141 1782/189/141 730/189/141
f 445/348/476 1496/350/476 444/350/476
f 49/63/477 1100/66/477 48/66/477
f 17/70/478 1068/69/478 16/69/478
f 170/211/18 1221/208/18 169/208/18
f 23/81/48 1074/79/48 22/79/48
f 691/202/148 1742/199/148 690/199/148
f 202/210/21 1253/212/21 201/212/21
f 39/87/479 1090/89/479 38/89/479
f 381/359/480 1432/356/480 380/356/480
f 31/96/195 1082/97/195 30/97/195
f 699/203/153 1750/205/153 698/205/153
f 437/360/481 1488/362/481 436/362/481
f 41/84/482 1092/85/482 40/85/482
f 186/216/27 1237/214/27 185/214/27
f 715/222/245 1766/221/245 714/221/245
f 25/86/310 1076/83/310 24/83/310
f 723/220/248 1774/223/248 722/223/248
f 429/374/483 1480/376/483 428/376/483
f 33/94/313 1084/95/313 32/95/313
f 194/228/31 1245/227/31 193/227/31
f 119/8/2 1170/6/2 118/6/2
f 389/377/484 1440/375/484 388/375/484
f 105/101/261 1156/102/261 104/102/261
f 282/106/485 1333/230/485 281/230/485
f 135/110/69 1186/111/69 134/111/69
f 779/113/139 1830/114/139 778/114/139
f 413/387/486 1464/385/486 412/385/486
f 113/4/3 1164/105/3 112/105/3
f 306/245/487 1357/244/487 305/244/487
f 421/399/488 1472/398/488 420/398/488
f 121/4/2 1172/7/2 120/7/2
f 127/120/74 1178/122/74 126/122/74
f 405/404/489 1456/405/489 404/405/489
f 137/118/274 1188/115/274 136/115/274
f 274/240/490 1325/248/490 273/248/490
f 239/132/76 1290/131/76 238/131/76
f 771/125/144 1822/126/144 770/126/144
f 787/127/147 1838/124/147 786/124/147
f 397/415/491 1448/414/491 396/414/491
f 129/117/275 1180/119/275 128/119/275
f 143/142/81 1194/139/81 142/139/81
f 241/134/276 1292/133/276 240/133/276
f 298/257/492 1349/259/492 297/259/492
f 883/129/149 1934/128/149 882/128/149
f 233/137/277 1284/141/277 232/141/277
f 231/140/83 1282/143/83 230/143/83
f 875/145/152 1926/146/152 874/146/152
f 223/151/85 1274/152/85 222/152/85
f 867/155/155 1918/157/155 866/157/155
f 461/108/2 1512/101/2 460/101/2
f 290/265/493 1341/261/493 289/261/493
f 215/163/88 1266/165/88 214/165/88
f 225/148/281 1276/150/281 224/150/281
f 314/268/494 1365/266/494 313/266/494
f 493/421/199 1544/422/199 492/422/199
f 338/280/495 1389/284/495 337/284/495
f 501/425/201 1552/424/201 500/424/201
f 151/169/94 1202/167/94 150/167/94
f 795/162/162 1846/159/162 794/159/162
f 509/172/496 1560/432/496 508/432/496
f 145/153/283 1196/149/283 144/149/283
f 266/282/497 1317/286/497 265/286/497
f 859/168/164 1910/170/164 858/170/164
f 217/160/284 1268/161/284 216/161/284
f 183/182/99 1234/183/99 182/183/99
f 485/435/498 1536/176/498 484/176/498
f 322/293/499 1373/291/499 321/291/499
f 207/180/105 1258/185/105 206/185/105
f 803/178/169 1854/176/169 802/176/169
f 517/442/500 1568/441/500 516/441/500
f 153/173/290 1204/171/290 152/171/290
f 159/186/501 1210/181/501 158/181/501
f 477/451/215 1528/452/215 476/452/215
f 209/174/293 1260/177/293 208/177/293
f 827/187/502 1878/190/502 826/190/502
f 250/301/503 1301/295/503 249/295/503
f 533/116/196 1584/117/196 532/117/196
f 330/305/504 1381/309/504 329/309/504
f 175/200/114 1226/203/114 174/203/114
f 161/191/298 1212/188/298 160/188/298
f 258/315/505 1309/317/505 257/317/505
f 167/204/115 1218/202/115 166/202/115
f 811/197/178 1862/194/178 810/194/178
f 541/121/200 1592/118/200 540/118/200
f 346/7/59 1397/8/59 345/8/59
f 199/217/116 1250/220/116 198/220/116
f 851/195/180 1902/201/180 850/201/180
f 645/135/204 1696/134/204 644/134/204
f 177/196/301 1228/198/301 176/198/301
f 354/219/59 1405/196/59 353/196/59
f 637/138/206 1688/137/206 636/137/206
f 819/207/185 1870/209/185 818/209/185
f 629/147/209 1680/148/209 628/148/209
f 169/208/304 1220/206/304 168/206/304
f 370/323/506 1421/324/506 369/324/506
f 191/224/124 1242/222/124 190/222/124
f 835/219/188 1886/218/188 834/218/188
f 185/214/307 1236/213/307 184/213/307
f 279/232/507 1330/233/507 278/233/507
f 843/226/190 1894/229/190 842/229/190
f 201/212/311 1252/215/311 200/215/311
f 362/334/508 1413/335/508 361/335/508
f 899/172/59 1950/217/59 898/217/59
f 549/156/216 1600/153/216 548/153/216
f 621/158/219 1672/160/219 620/160/219
f 450/340/509 1501/339/509 449/339/509
f 963/17/397 2014/18/397 962/18/397
f 193/227/317 1244/225/317 192/225/317
f 378/347/510 1429/336/510 377/336/510
f 971/19/2 2022/10/2 970/10/2
f 281/230/511 1332/231/511 280/231/511
f 303/243/512 1354/246/512 302/246/512
f 613/172/223 1664/174/223 612/174/223
f 305/244/513 1356/242/513 304/242/513
f 970/10/59 2048/4/59 996/4/59
f 557/175/226 1608/173/226 556/173/226
f 442/352/514 1493/354/514 441/354/514
f 287/249/515 1338/241/515 286/241/515
f 979/30/400 2030/29/400 978/29/400
f 273/248/516 1324/254/516 272/254/516
f 434/365/517 1485/367/517 433/367/517
f 311/258/518 1362/256/518 310/256/518
f 987/42/401 2038/41/401 986/41/401
f 565/193/9 1617/193/9 1616/191/9
f 271/260/10 1323/260/10 1322/264/10
f 955/40/11 2007/40/11 2006/43/11
f 581/192/12 1633/192/12 1632/196/12
f 386/371/13 1438/371/13 1437/369/13
f 410/379/14 1462/379/14 1461/380/14
f 995/55/15 2047/55/15 2046/54/15
f 426/382/16 1478/382/16 1477/386/16
f 295/267/17 1347/267/17 1346/269/17
f 573/211/18 1625/211/18 1624/208/18
f 289/261/19 1341/261/19 1340/255/19
f 418/395/20 1470/395/20 1469/394/20
f 605/210/21 1657/210/21 1656/212/21
f 297/259/22 1349/259/22 1348/263/22
f 313/266/23 1365/266/23 1364/262/23
f 319/285/24 1371/285/24 1370/281/24
f 337/284/25 1389/284/25 1388/288/25
f 247/287/26 1299/287/26 1298/283/26
f 589/216/27 1641/216/27 1640/214/27
f 335/292/28 1387/292/28 1386/294/28
f 265/286/29 1317/286/29 1316/289/29
f 394/406/30 1446/406/30 1445/402/30
f 597/228/31 1649/228/31 1648/227/31
f 402/408/32 1454/408/32 1453/409/32
f 263/101/33 1315/101/33 1314/300/33
f 947/59/34 1999/59/34 1998/60/34
f 661/115/35 1713/115/35 1712/110/35
f 321/291/36 1373/291/36 1372/103/36
f 653/119/37 1705/119/37 1704/120/37
f 327/308/38 1379/308/38 1378/304/38
f 907/64/2 1959/64/2 1958/56/2
f 765/133/39 1817/133/39 1816/132/39
f 490/423/40 1542/423/40 1541/202/40
f 757/141/41 1809/141/41 1808/140/41
f 249/295/42 1301/295/42 1300/290/42
f 255/318/43 1307/318/43 1306/316/43
f 329/309/44 1381/309/44 1380/310/44
f 915/77/519 1967/77/519 1966/75/519
f 257/317/46 1309/317/46 1308/319/46
f 343/5/2 1395/5/2 1394/1/2
f 939/76/47 1991/76/47 1990/78/47
f 506/430/192 1558/430/192 1557/428/192
f 931/90/426 1983/90/426 1982/91/426
f 345/8/2 1397/8/2 1396/6/2
f 514/154/50 1566/154/50 1565/103/50
f 359/4/2 1411/4/2 1410/141/2
f 923/98/429 1975/98/429 1974/99/429
f 353/196/3 1405/196/3 1404/202/3
f 482/440/52 1534/440/52 1533/443/52
f 1019/106/53 2071/106/53 2070/423/53
f 669/149/54 1721/149/54 1720/142/54
f 369/324/55 1421/324/55 1420/326/55
f 1027/219/2 2079/219/2 2078/417/2
f 749/150/56 1801/150/56 1800/151/56
f 741/161/57 1793/161/57 1792/163/57
f 361/335/58 1413/335/58 1412/3/58
f 351/176/2 1403/176/2 1402/149/2
f 1026/417/59 2078/417/59 2104/4/59
f 377/336/60 1429/336/60 1428/333/60
f 1035/431/520 2087/431/520 2086/430/520
f 522/447/62 1574/447/62 1573/446/62
f 367/327/63 1419/327/63 1418/328/63
f 1043/439/64 2095/439/64 2094/154/64
f 677/171/65 1729/171/65 1728/169/65
f 474/112/66 1526/112/66 1525/454/66
f 375/329/67 1427/329/67 1426/325/67
f 733/177/263 1785/177/263 1784/180/263
f 538/110/69 1590/110/69 1589/111/69
f 1011/438/70 2063/438/70 2062/440/70
f 449/339/71 1501/339/71 1500/338/71
f 455/345/72 1507/345/72 1506/344/72
f 685/188/73 1737/188/73 1736/186/73
f 530/120/74 1582/120/74 1581/122/74
f 447/337/75 1499/337/75 1498/349/75
f 642/132/76 1694/132/76 1693/131/76
f 439/357/77 1491/357/77 1490/358/77
f 1051/448/78 2103/448/78 2102/447/78
f 701/198/271 1753/198/271 1752/200/271
f 1003/453/80 2055/453/80 2054/112/80
f 546/142/81 1598/142/81 1597/139/81
f 693/206/82 1745/206/82 1744/204/82
f 4/5/2 1056/5/2 1055/1/2
f 634/140/83 1686/140/83 1685/143/83
f 383/364/84 1435/364/84 1434/361/84
f 626/151/85 1678/151/85 1677/152/85
f 431/370/86 1483/370/86 1482/372/86
f 709/213/87 1761/213/87 1760/182/87
f 618/163/427 1670/163/427 1669/165/427
f 68/18/89 1120/18/89 1119/20/89
f 725/215/90 1777/215/90 1776/217/90
f 457/4/521 1509/4/521 1508/346/521
f 360/3/59 1412/3/59 1509/4/59
f 717/225/92 1769/225/92 1768/224/92
f 441/354/93 1493/354/93 1492/355/93
f 554/169/94 1606/169/94 1605/167/94
f 415/390/95 1467/390/95 1466/388/95
f 391/391/96 1443/391/96 1442/384/96
f 84/29/97 1136/29/97 1135/27/97
f 781/111/98 1833/111/98 1832/112/98
f 586/182/99 1638/182/99 1637/183/99
f 423/393/100 1475/393/100 1474/396/100
f 92/41/101 1144/41/101 1143/39/101
f 407/401/102 1459/401/102 1458/403/102
f 773/122/103 1825/122/103 1824/123/103
f 433/367/104 1485/367/104 1484/368/104
f 610/180/433 1662/180/433 1661/185/433
f 399/412/106 1451/412/106 1450/413/106
f 60/43/107 1112/43/107 1111/45/107
f 385/369/108 1437/369/108 1436/366/108
f 562/186/434 1614/186/434 1613/181/434
f 885/131/110 1937/131/110 1936/130/110
f 100/54/111 1152/54/111 1151/52/111
f 409/380/59 1461/380/59 1460/381/59
f 463/107/2 1515/107/2 1514/106/2
f 52/60/112 1104/60/112 1103/61/112
f 789/139/113 1841/139/113 1840/136/113
f 578/200/114 1630/200/114 1629/203/114
f 12/56/59 1064/56/59 1063/67/59
f 570/204/115 1622/204/115 1621/202/115
f 602/217/116 1654/217/116 1653/220/116
f 495/420/117 1547/420/117 1546/196/117
f 877/143/118 1929/143/118 1928/144/118
f 20/75/119 1072/75/119 1071/73/119
f 869/152/120 1921/152/120 1920/154/120
f 425/386/121 1477/386/121 1476/389/121
f 503/427/320 1555/427/320 1554/109/320
f 44/78/123 1096/78/123 1095/80/123
f 594/224/124 1646/224/124 1645/222/124
f 36/91/125 1088/91/125 1087/92/125
f 487/429/522 1539/429/522 1538/433/522
f 28/99/127 1080/99/127 1079/100/127
f 417/394/128 1469/394/128 1468/392/128
f 658/112/129 1710/112/129 1709/113/129
f 861/165/130 1913/165/130 1912/166/130
f 797/167/131 1849/167/131 1848/164/131
f 650/123/132 1702/123/132 1701/125/132
f 511/436/133 1563/436/133 1562/434/133
f 108/107/2 1160/107/2 1159/106/2
f 519/141/134 1571/141/134 1570/444/134
f 116/1/99 1168/1/99 1167/2/99
f 762/130/135 1814/130/135 1813/129/135
f 805/181/523 1857/181/523 1856/179/523
f 666/136/137 1718/136/137 1717/127/137
f 479/149/524 1531/149/524 1530/450/524
f 132/113/139 1184/113/139 1183/114/139
f 471/455/2 1523/455/2 1522/416/2
f 829/183/140 1881/183/140 1880/184/140
f 853/185/525 1905/185/525 1904/189/525
f 393/402/142 1445/402/142 1444/400/142
f 754/144/143 1806/144/143 1805/145/143
f 535/113/139 1587/113/139 1586/114/139
f 124/125/144 1176/125/144 1175/126/144
f 401/409/145 1453/409/145 1452/411/145
f 746/154/146 1798/154/146 1797/155/146
f 140/127/147 1192/127/147 1191/124/147
f 465/104/2 1517/104/2 1516/109/2
f 813/202/148 1865/202/148 1864/199/148
f 527/125/144 1579/125/144 1578/126/144
f 236/129/149 1288/129/149 1287/128/149
f 497/418/150 1549/418/150 1548/419/150
f 674/164/360 1726/164/360 1725/162/360
f 543/127/147 1595/127/147 1594/124/147
f 228/145/152 1280/145/152 1279/146/152
f 821/203/153 1873/203/153 1872/205/153
f 738/166/154 1790/166/154 1789/168/154
f 220/155/155 1272/155/155 1271/157/155
f 489/202/156 1541/202/156 1540/426/156
f 639/129/149 1691/129/149 1690/128/149
f 837/222/157 1889/222/157 1888/221/157
f 682/179/158 1734/179/158 1733/178/158
f 631/145/152 1683/145/152 1682/146/152
f 845/220/159 1897/220/159 1896/223/159
f 623/155/155 1675/155/155 1674/157/155
f 893/149/99 1945/149/99 1944/112/99
f 505/428/363 1557/428/363 1556/217/363
f 706/184/161 1758/184/161 1757/187/161
f 148/162/162 1200/162/162 1199/159/162
f 730/189/163 1782/189/163 1781/195/163
f 212/168/164 1264/168/164 1263/170/164
f 901/141/59 1953/141/59 1952/154/59
f 513/103/364 1565/103/364 1564/437/364
f 521/446/526 1573/446/526 1572/445/526
f 690/199/167 1742/199/167 1741/197/167
f 551/162/162 1603/162/162 1602/159/162
f 965/15/168 2017/15/168 2016/16/168
f 615/168/164 1667/168/164 1666/170/164
f 156/178/169 1208/178/169 1207/176/169
f 973/22/170 2025/22/170 2024/21/170
f 481/443/171 1533/443/171 1532/101/171
f 698/205/172 1750/205/172 1749/207/172
f 981/33/173 2033/33/173 2032/31/173
f 180/187/174 1232/187/174 1231/190/174
f 559/178/169 1611/178/169 1610/176/169
f 957/35/471 2009/35/471 2008/38/471
f 714/221/176 1766/221/176 1765/219/176
f 722/223/177 1774/223/177 1773/226/177
f 583/187/502 1635/187/502 1634/190/502
f 164/197/178 1216/197/178 1215/194/178
f 989/46/472 2041/46/472 2040/44/472
f 204/195/180 1256/195/180 1255/201/180
f 949/57/181 2001/57/181 2000/58/181
f 778/114/182 1830/114/182 1829/116/182
f 786/124/183 1838/124/183 1837/121/183
f 567/197/178 1619/197/178 1618/194/178
f 172/207/185 1224/207/185 1223/209/185
f 607/195/180 1659/195/180 1658/201/180
f 909/68/186 1961/68/186 1960/65/186
f 770/126/187 1822/126/187 1821/3/187
f 188/219/188 1240/219/188 1239/218/188
f 941/71/189 1993/71/189 1992/74/189
f 575/207/185 1627/207/185 1626/209/185
f 196/226/190 1248/226/190 1247/229/190
f 284/237/191 1336/237/191 1335/235/191
f 473/454/2 1525/454/2 1524/449/2
f 591/219/188 1643/219/188 1642/218/188
f 917/81/192 1969/81/192 1968/79/192
f 599/226/190 1651/226/190 1650/229/190
f 276/236/193 1328/236/193 1327/238/193
f 933/87/527 1985/87/527 1984/89/527
f 537/111/98 1589/111/98 1588/112/98
f 925/96/528 1977/96/528 1976/97/528
f 655/116/196 1707/116/196 1706/117/196
f 308/250/197 1360/250/197 1359/247/197
f 529/122/259 1581/122/259 1580/123/259
f 300/251/198 1352/251/198 1351/253/198
f 1021/421/199 2073/421/199 2072/422/199
f 663/121/200 1715/121/200 1714/118/200
f 1029/425/201 2081/425/201 2080/424/201
f 641/131/110 1693/131/110 1692/130/110
f 890/4/203 1942/4/203 1941/135/203
f 767/135/204 1819/135/204 1818/134/204
f 1037/172/529 2089/172/529 2088/432/529
f 769/3/59 1821/3/59 1942/4/59
f 759/138/206 1811/138/206 1810/137/206
f 316/275/207 1368/275/207 1367/272/207
f 545/139/113 1597/139/113 1596/136/113
f 882/128/208 1934/128/208 1933/138/208
f 751/147/209 1803/147/209 1802/148/209
f 1013/435/530 2065/435/530 2064/176/530
f 874/146/211 1926/146/211 1925/147/211
f 268/274/212 1320/274/212 1319/279/212
f 1045/442/500 2097/442/500 2096/441/500
f 633/143/118 1685/143/118 1684/144/118
f 324/298/214 1376/298/214 1375/296/214
f 1005/451/215 2057/451/215 2056/452/215
f 625/152/120 1677/152/120 1676/154/120
f 671/156/287 1723/156/287 1722/153/287
f 332/299/531 1384/299/531 1383/303/531
f 866/157/218 1918/157/218 1917/158/218
f 743/158/219 1795/158/219 1794/160/219
f 6/8/2 1058/8/2 1057/6/2
f 794/159/220 1846/159/220 1845/156/220
f 858/170/221 1910/170/221 1909/172/221
f 70/16/222 1122/16/222 1121/17/222
f 617/165/130 1669/165/130 1668/166/130
f 735/172/223 1787/172/223 1786/174/223
f 78/21/224 1130/21/224 1129/19/224
f 553/167/131 1605/167/131 1604/164/131
f 802/176/365 1854/176/365 1853/175/365
f 679/175/226 1731/175/226 1730/173/226
f 86/31/227 1138/31/227 1137/30/227
f 252/312/228 1304/312/228 1303/307/228
f 826/190/366 1878/190/366 1877/192/366
f 687/193/9 1739/193/9 1738/191/9
f 260/311/230 1312/311/230 1311/313/230
f 62/38/231 1114/38/231 1113/40/231
f 561/181/136 1613/181/136 1612/179/136
f 356/172/59 1408/172/59 1407/217/59
f 810/194/532 1862/194/532 1861/193/532
f 703/192/12 1755/192/12 1754/196/12
f 585/183/140 1637/183/140 1636/184/140
f 850/201/234 1902/201/234 1901/210/234
f 372/321/235 1424/321/235 1423/322/235
f 94/44/236 1146/44/236 1145/42/236
f 609/185/141 1661/185/141 1660/189/141
f 102/4/3 1154/4/3 1153/55/3
f 695/211/18 1747/211/18 1746/208/18
f 364/331/237 1416/331/237 1415/332/237
f 54/58/238 1106/58/238 1105/59/238
f 818/209/239 1870/209/239 1869/211/239
f 727/210/21 1779/210/21 1778/212/21
f 569/202/278 1621/202/278 1620/199/278
f 452/342/240 1504/342/240 1503/341/240
f 14/65/241 1066/65/241 1065/64/241
f 444/350/242 1496/350/242 1495/351/242
f 46/74/243 1098/74/243 1097/76/243
f 577/203/153 1629/203/153 1628/205/153
f 834/218/410 1886/218/410 1885/216/410
f 711/216/27 1763/216/27 1762/214/27
f 593/222/245 1645/222/245 1644/221/245
f 842/229/246 1894/229/246 1893/228/246
f 719/228/31 1771/228/31 1770/227/31
f 22/79/247 1074/79/247 1073/77/247
f 601/220/159 1653/220/159 1652/223/159
f 783/115/35 1835/115/35 1834/110/35
f 380/356/249 1432/356/249 1431/353/249
f 38/89/250 1090/89/250 1089/90/250
f 436/362/251 1488/362/251 1487/363/251
f 30/97/252 1082/97/252 1081/98/252
f 657/113/139 1709/113/139 1708/114/139
f 898/217/2 1950/217/2 1949/219/2
f 775/119/37 1827/119/37 1826/120/37
f 110/104/2 1162/104/2 1161/109/2
f 887/133/39 1939/133/39 1938/132/39
f 388/375/253 1440/375/253 1439/373/253
f 118/6/99 1170/6/99 1169/5/99
f 649/125/144 1701/125/144 1700/126/144
f 962/18/89 2014/18/89 2013/20/89
f 879/141/41 1931/141/41 1930/140/41
f 428/376/255 1480/376/255 1479/378/255
f 665/127/147 1717/127/147 1716/124/147
f 412/385/256 1464/385/256 1463/383/256
f 420/398/257 1472/398/257 1471/397/257
f 134/111/98 1186/111/98 1185/112/98
f 761/129/149 1813/129/149 1812/128/149
f 404/405/258 1456/405/258 1455/407/258
f 753/145/152 1805/145/152 1804/146/152
f 978/29/533 2030/29/533 2029/27/533
f 126/122/259 1178/122/259 1177/123/259
f 745/155/155 1797/155/155 1796/157/155
f 986/41/101 2038/41/101 2037/39/101
f 238/131/110 1290/131/110 1289/130/110
f 954/43/534 2006/43/534 2005/45/534
f 791/149/54 1843/149/54 1842/142/54
f 871/150/56 1923/150/56 1922/151/56
f 396/414/260 1448/414/260 1447/410/260
f 142/139/113 1194/139/113 1193/136/113
f 673/162/162 1725/162/162 1724/159/162
f 994/54/111 2046/54/111 2045/52/111
f 863/161/57 1915/161/57 1914/163/57
f 460/101/261 1512/101/261 1511/102/261
f 737/168/164 1789/168/164 1788/170/164
f 946/60/112 1998/60/112 1997/61/112
f 468/4/3 1520/4/3 1519/105/3
f 906/56/59 1958/56/59 1957/67/59
f 230/143/118 1282/143/118 1281/144/118
f 799/171/65 1851/171/65 1850/169/65
f 492/422/262 1544/422/262 1543/106/262
f 222/152/120 1274/152/120 1273/154/120
f 681/178/169 1733/178/169 1732/176/169
f 855/177/263 1907/177/263 1906/180/263
f 500/424/264 1552/424/264 1551/219/264
f 914/75/265 1966/75/265 1965/73/265
f 508/432/266 1560/432/266 1559/431/266
f 705/187/502 1757/187/502 1756/190/502
f 938/78/267 1990/78/267 1989/80/267
f 807/188/535 1859/188/535 1858/186/535
f 930/91/125 1982/91/125 1981/92/125
f 484/176/269 1536/176/269 1535/438/269
f 214/165/130 1266/165/130 1265/166/130
f 922/99/127 1974/99/127 1973/100/127
f 823/198/79 1875/198/79 1874/200/79
f 150/167/131 1202/167/131 1201/164/131
f 689/197/184 1741/197/184 1740/194/184
f 729/195/180 1781/195/180 1780/201/180
f 815/206/82 1867/206/82 1866/204/82
f 516/441/272 1568/441/272 1567/439/272
f 1018/423/40 2070/423/40 2069/202/40
f 524/4/3 1576/4/3 1575/448/3
f 158/181/136 1210/181/136 1209/179/136
f 697/207/185 1749/207/185 1748/209/185
f 476/452/273 1528/452/273 1527/453/273
f 831/213/87 1883/213/87 1882/182/87
f 540/118/274 1592/118/274 1591/115/274
f 182/183/140 1234/183/140 1233/184/140
f 713/219/188 1765/219/188 1764/218/188
f 847/215/90 1899/215/90 1898/217/90
f 206/185/141 1258/185/141 1257/189/141
f 721/226/190 1773/226/190 1772/229/190
f 1034/430/192 2086/430/192 2085/428/192
f 532/117/275 1584/117/275 1583/119/275
f 1042/154/50 2094/154/50 2093/103/50
f 839/225/92 1891/225/92 1890/224/92
f 644/134/276 1696/134/276 1695/133/276
f 777/116/196 1829/116/196 1828/117/196
f 895/202/59 1947/202/59 1946/176/59
f 636/137/277 1688/137/277 1687/141/277
f 166/202/278 1218/202/278 1217/199/278
f 1010/440/52 2062/440/52 2061/443/52
f 785/121/200 1837/121/200 1836/118/200
f 967/13/279 2019/13/279 2018/14/279
f 174/203/153 1226/203/153 1225/205/153
f 889/135/204 1941/135/204 1940/134/204
f 975/25/536 2027/25/536 2026/23/536
f 628/148/281 1680/148/281 1679/150/281
f 881/138/206 1933/138/206 1932/137/206
f 190/222/245 1242/222/245 1241/221/245
f 873/147/209 1925/147/209 1924/148/209
f 959/28/537 2011/28/537 2010/32/537
f 198/220/248 1250/220/248 1249/223/248
f 1050/447/62 2102/447/62 2101/446/62
f 548/153/424 1600/153/424 1599/149/424
f 1002/112/66 2054/112/66 2053/454/66
f 620/160/284 1672/160/284 1671/161/284
f 278/233/285 1330/233/285 1329/234/285
f 3/1/99 1055/1/99 1054/2/99
f 983/36/538 2035/36/538 2034/34/538
f 793/156/216 1845/156/216 1844/153/216
f 991/49/288 2043/49/288 2042/48/288
f 286/241/289 1338/241/289 1337/239/289
f 865/158/219 1917/158/219 1916/160/219
f 556/173/290 1608/173/290 1607/171/290
f 75/11/291 1127/11/291 1126/12/291
f 951/50/292 2003/50/292 2002/53/292
f 612/174/293 1664/174/293 1663/177/293
f 302/246/294 1354/246/294 1353/109/294
f 310/256/295 1362/256/295 1361/252/295
f 857/172/223 1909/172/223 1908/174/223
f 801/175/539 1853/175/539 1852/173/539
f 67/20/296 1119/20/296 1118/24/296
f 943/63/477 1995/63/477 1994/66/477
f 564/191/298 1616/191/298 1615/188/298
f 270/264/299 1322/264/299 1321/270/299
f 809/193/9 1861/193/9 1860/191/9
f 911/70/478 1963/70/478 1962/69/478
f 580/196/301 1632/196/301 1631/198/301
f 294/269/302 1346/269/302 1345/273/302
f 83/27/303 1135/27/303 1134/26/303
f 825/192/12 1877/192/12 1876/196/12
f 572/208/540 1624/208/540 1623/206/540
f 91/39/305 1143/39/305 1142/37/305
f 935/84/482 1987/84/482 1986/85/482
f 588/214/541 1640/214/541 1639/213/541
f 318/281/308 1370/281/308 1369/278/308
f 817/211/18 1869/211/18 1868/208/18
f 59/45/309 1111/45/309 1110/47/309
f 919/86/310 1971/86/310 1970/83/310
f 604/212/311 1656/212/311 1655/215/311
f 246/283/312 1298/283/312 1297/277/312
f 849/210/21 1901/210/21 1900/212/21
f 927/94/313 1979/94/313 1978/95/313
f 334/294/314 1386/294/314 1385/297/314
f 326/304/315 1378/304/315 1377/302/315
f 99/52/316 1151/52/316 1150/51/316
f 596/227/317 1648/227/317 1647/225/317
f 833/216/27 1885/216/27 1884/214/27
f 1023/420/117 2075/420/117 2074/196/117
f 660/110/69 1712/110/69 1711/111/69
f 262/300/318 1314/300/318 1313/306/318
f 51/61/339 1103/61/339 1102/62/339
f 841/228/542 1893/228/542 1892/227/542
f 11/67/2 1063/67/2 1062/9/2
f 1031/427/320 2083/427/320 2082/109/320
f 652/120/74 1704/120/74 1703/122/74
f 897/219/59 1949/219/59 1948/196/59
f 764/132/76 1816/132/76 1815/131/76
f 19/73/321 1071/73/321 1070/72/321
f 1015/429/522 2067/429/522 2066/433/522
f 43/80/322 1095/80/322 1094/82/322
f 668/142/81 1720/142/81 1719/139/81
f 254/316/323 1306/316/323 1305/314/323
f 969/11/291 2021/11/291 2020/12/291
f 342/1/99 1394/1/99 1393/2/99
f 1039/436/543 2091/436/543 2090/434/543
f 756/140/83 1808/140/83 1807/143/83
f 350/149/99 1402/149/99 1401/112/99
f 1047/141/134 2099/141/134 2098/444/134
f 748/151/85 1800/151/85 1799/152/85
f 961/20/296 2013/20/296 2012/24/296
f 740/163/427 1792/163/427 1791/165/427
f 358/141/59 1410/141/59 1409/154/59
f 1007/149/138 2059/149/138 2058/450/138
f 374/325/325 1426/325/325 1425/320/325
f 999/455/2 2051/455/2 2050/416/2
f 977/27/303 2029/27/303 2028/26/303
f 35/92/326 1087/92/326 1086/93/326
f 8/4/2 1060/4/2 1059/7/2
f 676/169/94 1728/169/94 1727/167/94
f 366/328/327 1418/328/327 1417/330/327
f 454/344/328 1506/344/328 1505/343/328
f 985/39/305 2037/39/305 2036/37/305
f 72/14/330 1124/14/330 1123/15/330
f 708/182/99 1760/182/99 1759/183/99
f 446/349/331 1498/349/331 1497/348/331
f 80/23/332 1132/23/332 1131/22/332
f 953/45/309 2005/45/309 2004/47/309
f 88/34/333 1140/34/333 1139/33/333
f 732/180/433 1784/180/433 1783/185/433
f 684/186/434 1736/186/434 1735/181/434
f 438/358/334 1490/358/334 1489/360/334
f 64/32/335 1116/32/335 1115/35/335
f 382/361/336 1434/361/336 1433/359/336
f 993/52/316 2045/52/316 2044/51/316
f 27/100/2 1079/100/2 1078/88/2
f 430/372/337 1482/372/337 1481/374/337
f 107/106/338 1159/106/338 1158/108/338
f 700/200/114 1752/200/114 1751/203/114
f 945/61/339 1997/61/339 1996/62/339
f 96/48/340 1148/48/340 1147/46/340
f 692/204/115 1744/204/115 1743/202/115
f 905/67/2 1957/67/2 1956/9/2
f 115/2/3 1167/2/3 1166/3/3
f 56/53/341 1108/53/341 1107/57/341
f 724/217/116 1776/217/116 1775/220/116
f 114/3/59 1166/3/59 1173/4/59
f 390/384/342 1442/384/342 1441/377/342
f 913/73/321 1965/73/321 1964/72/321
f 16/69/343 1068/69/343 1067/68/343
f 414/388/344 1466/388/344 1465/387/344
f 937/80/544 1989/80/544 1988/82/544
f 131/114/182 1183/114/182 1182/116/182
f 48/66/345 1100/66/345 1099/71/345
f 716/224/124 1768/224/124 1767/222/124
f 422/396/346 1474/396/346 1473/399/346
f 139/124/183 1191/124/183 1190/121/183
f 406/403/347 1458/403/347 1457/404/347
f 780/112/129 1832/112/129 1831/113/129
f 398/413/348 1450/413/348 1449/415/348
f 123/126/187 1175/126/187 1174/3/187
f 24/83/349 1076/83/349 1075/81/349
f 462/106/338 1514/106/338 1513/108/338
f 40/85/350 1092/85/350 1091/87/350
f 772/123/132 1824/123/132 1823/125/132
f 470/416/99 1522/416/99 1521/3/99
f 32/95/351 1084/95/351 1083/96/351
f 884/130/545 1936/130/545 1935/129/545
f 469/3/3 1521/3/3 1549/418/3
f 929/92/546 1981/92/546 1980/93/546
f 104/102/3 1156/102/3 1155/3/3
f 788/136/137 1840/136/137 1839/127/137
f 494/196/352 1546/196/352 1545/421/352
f 103/3/353 1155/3/353 1162/104/353
f 502/109/354 1554/109/354 1553/425/354
f 111/103/355 1163/103/355 1165/4/355
f 876/144/143 1928/144/143 1927/145/143
f 510/434/462 1562/434/462 1561/172/462
f 112/105/357 1164/105/357 1163/103/357
f 868/154/547 1920/154/547 1919/155/547
f 243/4/203 1295/4/203 1294/135/203
f 120/7/59 1172/7/59 1171/8/59
f 486/433/358 1538/433/358 1537/435/358
f 122/3/59 1174/3/59 1295/4/59
f 136/115/35 1188/115/35 1187/110/35
f 480/101/359 1532/101/359 1531/149/359
f 921/100/2 1973/100/2 1972/88/2
f 235/128/208 1287/128/208 1286/138/208
f 796/164/151 1848/164/151 1847/162/151
f 472/449/59 1524/449/59 1523/455/59
f 227/146/211 1279/146/211 1278/147/211
f 128/119/37 1180/119/37 1179/120/37
f 860/166/154 1912/166/154 1911/168/154
f 518/444/361 1570/444/361 1569/442/361
f 1025/418/150 2077/418/150 2076/419/150
f 536/112/129 1588/112/129 1587/113/129
f 478/450/469 1530/450/469 1529/451/469
f 240/133/39 1292/133/39 1291/132/39
f 804/179/158 1856/179/158 1855/178/158
f 1017/202/548 2069/202/548 2068/426/548
f 232/141/41 1284/141/41 1283/140/41
f 528/123/132 1580/123/132 1579/125/132
f 534/114/182 1586/114/182 1585/116/182
f 219/157/218 1271/157/218 1270/158/218
f 828/184/161 1880/184/161 1879/187/161
f 542/124/183 1594/124/183 1593/121/183
f 147/159/220 1199/159/220 1198/156/220
f 852/189/163 1904/189/163 1903/195/163
f 640/130/135 1692/130/135 1691/129/135
f 1033/428/363 2085/428/363 2084/217/363
f 211/170/221 1263/170/221 1262/172/221
f 544/136/137 1596/136/137 1595/127/137
f 526/126/187 1578/126/187 1577/3/187
f 812/199/167 1864/199/167 1863/197/167
f 1041/103/165 2093/103/165 2092/437/165
f 155/176/365 1207/176/365 1206/175/365
f 1049/446/526 2101/446/526 2100/445/526
f 820/205/172 1872/205/172 1871/207/172
f 632/144/143 1684/144/143 1683/145/143
f 179/190/366 1231/190/366 1230/192/366
f 144/149/54 1196/149/54 1195/142/54
f 624/154/146 1676/154/146 1675/155/146
f 1009/443/171 2061/443/171 2060/101/171
f 224/150/56 1276/150/56 1275/151/56
f 163/194/532 1215/194/532 1214/193/532
f 216/161/57 1268/161/57 1267/163/57
f 836/221/549 1888/221/549 1887/219/549
f 203/201/234 1255/201/234 1254/210/234
f 844/223/177 1896/223/177 1895/226/177
f 552/164/360 1604/164/360 1603/162/360
f 616/166/154 1668/166/154 1667/168/154
f 152/171/65 1204/171/65 1203/169/65
f 892/112/3 1944/112/3 1943/3/3
f 646/4/550 1698/4/550 1697/135/550
f 171/209/239 1223/209/239 1222/211/239
f 208/177/68 1260/177/68 1259/180/68
f 891/3/59 1943/3/59 1954/4/59
f 560/179/158 1612/179/158 1611/178/158
f 525/3/59 1577/3/59 1698/4/59
f 900/154/3 1952/154/3 1951/172/3
f 638/128/208 1690/128/208 1689/138/208
f 160/188/73 1212/188/73 1211/186/73
f 584/184/161 1636/184/161 1635/187/161
f 630/146/211 1682/146/211 1681/147/211
f 187/218/244 1239/218/244 1238/216/244
f 964/16/222 2016/16/222 2015/17/222
f 608/189/163 1660/189/163 1659/195/163
f 176/198/79 1228/198/79 1227/200/79
f 972/21/224 2024/21/224 2023/19/224
f 195/229/246 1247/229/246 1246/228/246
f 980/31/227 2032/31/227 2031/30/227
f 568/199/167 1620/199/167 1619/197/167
f 283/235/368 1335/235/368 1334/106/368
f 168/206/82 1220/206/82 1219/204/82
f 622/157/218 1674/157/218 1673/158/218
f 1001/454/2 2053/454/2 2052/449/2
f 956/38/231 2008/38/231 2007/40/231
f 576/205/551 1628/205/551 1627/207/551
f 550/159/220 1602/159/220 1601/156/220
f 275/238/369 1327/238/369 1326/240/369
f 614/170/221 1666/170/221 1665/172/221
f 184/213/87 1236/213/87 1235/182/87
f 200/215/90 1252/215/90 1251/217/90
f 988/44/552 2040/44/552 2039/42/552
f 592/221/176 1644/221/176 1643/219/176
f 558/176/365 1610/176/365 1609/175/365
f 996/4/3 2048/4/3 2047/55/3
f 600/223/177 1652/223/177 1651/226/177
f 307/247/371 1359/247/371 1358/245/371
f 192/225/92 1244/225/92 1243/224/92
f 948/58/238 2000/58/238 1999/59/238
f 582/190/229 1634/190/229 1633/192/229
f 656/114/182 1708/114/182 1707/116/182
f 299/253/372 1351/253/372 1350/257/372
f 280/231/373 1332/231/373 1331/232/373
f 908/65/241 1960/65/241 1959/64/241
f 664/124/183 1716/124/183 1715/121/183
f 566/194/232 1618/194/232 1617/193/232
f 304/242/374 1356/242/374 1355/243/374
f 940/74/553 1992/74/553 1991/76/553
f 606/201/234 1658/201/234 1657/210/234
f 648/126/187 1700/126/187 1699/3/187
f 291/271/375 1343/271/375 1342/265/375
f 916/79/247 1968/79/247 1967/77/247
f 574/209/239 1626/209/239 1625/211/239
f 315/272/376 1367/272/376 1366/268/376
f 288/255/377 1340/255/377 1339/249/377
f 932/89/554 1984/89/554 1983/90/554
f 339/4/378 1391/4/378 1390/280/378
f 924/97/555 1976/97/555 1975/98/555
f 272/254/379 1324/254/379 1323/260/379
f 590/218/244 1642/218/244 1641/216/244
f 267/279/380 1319/279/380 1318/282/380
f 312/262/556 1364/262/556 1363/258/556
f 1020/422/262 2072/422/262 2071/106/262
f 1028/424/264 2080/424/264 2079/219/264
f 598/229/246 1650/229/246 1649/228/246
f 323/296/383 1375/296/383 1374/293/383
f 296/263/384 1348/263/384 1347/267/384
f 1036/432/266 2088/432/266 2087/431/266
f 662/118/274 1714/118/274 1713/115/274
f 768/4/550 1820/4/550 1819/135/550
f 320/103/386 1372/103/386 1371/285/386
f 1012/176/269 2064/176/269 2063/438/269
f 647/3/59 1699/3/59 1820/4/59
f 654/117/275 1706/117/275 1705/119/275
f 760/128/208 1812/128/208 1811/138/208
f 766/134/276 1818/134/276 1817/133/276
f 331/303/387 1383/303/387 1382/305/387
f 248/290/388 1300/290/388 1299/287/388
f 752/146/211 1804/146/211 1803/147/211
f 758/137/277 1810/137/277 1809/141/277
f 251/307/389 1303/307/389 1302/301/389
f 336/288/390 1388/288/390 1387/292/390
f 1044/441/272 2096/441/272 2095/439/272
f 259/313/392 1311/313/392 1310/315/392
f 1052/4/3 2104/4/3 2103/448/3
f 347/4/2 1399/4/2 1398/7/2
f 264/289/393 1316/289/393 1315/101/393
f 1004/452/273 2056/452/273 2055/453/273
f 750/148/281 1802/148/281 1801/150/281
f 744/157/218 1796/157/218 1795/158/218
f 5/6/99 1057/6/99 1056/5/99
f 672/159/220 1724/159/220 1723/156/220
f 355/217/2 1407/217/2 1406/219/2
f 328/310/394 1380/310/394 1379/308/394
f 736/170/221 1788/170/221 1787/172/221
f 670/153/424 1722/153/424 1721/149/424
f 742/160/284 1794/160/284 1793/161/284
f 371/322/395 1423/322/395 1422/323/395
f 256/319/396 1308/319/396 1307/318/396
f 69/17/397 1121/17/397 1120/18/397
f 680/176/365 1732/176/365 1731/175/365
f 77/19/2 1129/19/2 1128/10/2
f 363/332/398 1415/332/398 1414/334/398
f 344/6/99 1396/6/99 1395/5/99
f 704/190/366 1756/190/366 1755/192/366
f 678/173/290 1730/173/290 1729/171/290
f 451/341/399 1503/341/399 1502/340/399
f 76/10/59 1128/10/59 1154/4/59
f 734/174/293 1786/174/293 1785/177/293
f 352/202/59 1404/202/59 1403/176/59
f 85/30/400 1137/30/400 1136/29/400
f 688/194/232 1740/194/232 1739/193/232
f 93/42/401 1145/42/401 1144/41/401
f 728/201/234 1780/201/234 1779/210/234
f 368/326/402 1420/326/402 1419/327/402
f 686/191/298 1738/191/298 1737/188/298
f 376/333/403 1428/333/403 1427/329/403
f 61/40/11 1113/40/11 1112/43/11
f 443/351/404 1495/351/404 1494/352/404
f 448/338/405 1500/338/405 1499/337/405
f 696/209/239 1748/209/239 1747/211/239
f 702/196/301 1754/196/301 1753/198/301
f 379/353/557 1431/353/557 1430/347/557
f 456/346/407 1508/346/407 1507/345/407
f 101/55/15 1153/55/15 1152/54/15
f 435/363/408 1487/363/408 1486/365/408
f 440/355/409 1492/355/409 1491/357/409
f 694/208/540 1746/208/540 1745/206/540
f 712/218/244 1764/218/244 1763/216/244
f 710/214/541 1762/214/541 1761/213/541
f 387/373/411 1439/373/411 1438/371/411
f 384/366/412 1436/366/412 1435/364/412
f 720/229/246 1772/229/246 1771/228/246
f 726/212/311 1778/212/311 1777/215/311
f 427/378/413 1479/378/413 1478/382/413
f 432/368/414 1484/368/414 1483/370/414
f 784/118/274 1836/118/274 1835/115/274
f 411/383/415 1463/383/415 1462/379/415
f 419/397/416 1471/397/416 1470/395/416
f 416/392/417 1468/392/417 1467/390/417
f 776/117/275 1828/117/275 1827/119/275
f 718/227/317 1770/227/317 1769/225/317
f 53/59/34 1105/59/34 1104/60/34
f 888/134/276 1940/134/276 1939/133/276
f 782/110/69 1834/110/69 1833/111/69
f 424/389/418 1476/389/418 1475/393/418
f 880/137/277 1932/137/277 1931/141/277
f 774/120/74 1826/120/74 1825/122/74
f 403/407/419 1455/407/419 1454/408/419
f 886/132/76 1938/132/76 1937/131/76
f 13/64/2 1065/64/2 1064/56/2
f 872/148/281 1924/148/281 1923/150/281
f 395/410/420 1447/410/420 1446/406/420
f 392/400/421 1444/400/421 1443/391/421
f 790/142/81 1842/142/81 1841/139/81
f 408/381/422 1460/381/422 1459/401/422
f 459/102/3 1511/102/3 1510/3/3
f 400/411/423 1452/411/423 1451/412/423
f 21/77/45 1073/77/45 1072/75/45
f 792/153/283 1844/153/283 1843/149/283
f 878/140/83 1930/140/83 1929/143/83
f 45/76/47 1097/76/47 1096/78/47
f 864/160/284 1916/160/284 1915/161/284
f 870/151/85 1922/151/85 1921/152/85
f 458/3/353 1510/3/353 1517/104/353
f 37/90/426 1089/90/426 1088/91/426
f 862/163/88 1914/163/88 1913/165/88
f 466/103/355 1518/103/355 1520/4/355
f 464/109/428 1516/109/428 1515/107/428
f 29/98/429 1081/98/429 1080/99/429
f 467/105/357 1519/105/357 1518/103/357
f 800/173/290 1852/173/290 1851/171/290
f 496/419/430 1548/419/430 1547/420/430
f 856/174/293 1908/174/293 1907/177/293
f 798/169/94 1850/169/94 1849/167/94
f 491/106/53 1543/106/53 1542/423/53
f 504/217/431 1556/217/431 1555/427/431
f 109/109/428 1161/109/428 1160/107/428
f 499/219/2 1551/219/2 1550/417/2
f 830/182/99 1882/182/99 1881/183/99
f 488/426/558 1540/426/558 1539/429/558
f 117/5/2 1169/5/2 1168/1/2
f 808/191/559 1860/191/559 1859/188/559
f 498/417/59 1550/417/59 1576/4/59
f 854/180/105 1906/180/105 1905/185/105
f 507/431/61 1559/431/61 1558/430/61
f 133/112/129 1185/112/129 1184/113/129
f 824/196/301 1876/196/301 1875/198/301
f 806/186/109 1858/186/109 1857/181/109
f 515/439/64 1567/439/64 1566/154/64
f 512/437/436 1564/437/436 1563/436/436
f 125/123/437 1177/123/437 1176/125/437
f 816/208/304 1868/208/304 1867/206/304
f 483/438/70 1535/438/70 1534/440/70
f 520/445/438 1572/445/438 1571/141/438
f 822/200/114 1874/200/114 1873/203/114
f 237/130/135 1289/130/135 1288/129/135
f 832/214/541 1884/214/541 1883/213/541
f 814/204/115 1866/204/115 1865/202/115
f 141/136/137 1193/136/137 1192/127/137
f 848/212/311 1900/212/311 1899/215/311
f 846/217/116 1898/217/116 1897/220/116
f 523/448/78 1575/448/78 1574/447/78
f 475/453/80 1527/453/80 1526/112/80
f 539/115/35 1591/115/35 1590/110/35
f 229/144/143 1281/144/143 1280/145/143
f 840/227/317 1892/227/317 1891/225/317
f 838/224/124 1890/224/124 1889/222/124
f 221/154/439 1273/154/439 1272/155/439
f 896/196/3 1948/196/3 1947/202/3
f 2/2/3 1054/2/3 1053/3/3
f 531/119/37 1583/119/37 1582/120/37
f 904/9/99 1956/9/99 1955/3/99
f 1/3/59 1053/3/59 1060/4/59
f 902/4/2 1954/4/2 1953/141/2
f 10/9/99 1062/9/99 1061/3/99
f 643/133/39 1695/133/39 1694/132/39
f 149/164/360 1201/164/360 1200/162/360
f 903/3/3 1955/3/3 2021/11/3
f 635/141/41 1687/141/41 1686/140/41
f 213/166/154 1265/166/154 1264/168/154
f 9/3/3 1061/3/3 1127/11/3
f 968/12/440 2020/12/440 2019/13/440
f 157/179/158 1209/179/158 1208/178/158
f 976/26/560 2028/26/560 2027/25/560
f 74/12/440 1126/12/440 1125/13/440
f 894/176/2 1946/176/2 1945/149/2
f 82/26/441 1134/26/441 1133/25/441
f 181/184/161 1233/184/161 1232/187/161
f 960/24/442 2012/24/442 2011/28/442
f 966/14/330 2018/14/330 2017/15/330
f 205/189/163 1257/189/163 1256/195/163
f 66/24/442 1118/24/442 1117/28/442
f 974/23/332 2026/23/332 2025/22/332
f 982/34/333 2034/34/333 2033/33/333
f 547/149/561 1599/149/561 1598/142/561
f 165/199/562 1217/199/562 1216/197/562
f 627/150/56 1679/150/56 1678/151/56
f 984/37/563 2036/37/563 2035/36/563
f 958/32/335 2010/32/335 2009/35/335
f 619/161/57 1671/161/57 1670/163/57
f 173/205/172 1225/205/172 1224/207/172
f 90/37/443 1142/37/443 1141/36/443
f 952/47/444 2004/47/444 2003/50/444
f 992/51/445 2044/51/445 2043/49/445
f 58/47/444 1110/47/444 1109/50/444
f 990/48/340 2042/48/340 2041/46/340
f 555/171/65 1607/171/65 1606/169/65
f 189/221/176 1241/221/176 1240/219/176
f 98/51/445 1150/51/445 1149/49/445
f 950/53/341 2002/53/341 2001/57/341
f 611/177/263 1663/177/263 1662/180/263
f 197/223/177 1249/223/177 1248/226/177
f 944/62/446 1996/62/446 1995/63/446
f 910/69/343 1962/69/343 1961/68/343
f 563/188/535 1615/188/535 1614/186/535
f 277/234/447 1329/234/447 1328/236/447
f 50/62/446 1102/62/446 1101/63/446
f 942/66/564 1994/66/564 1993/71/564
f 579/198/271 1631/198/271 1630/200/271
f 285/239/449 1337/239/449 1336/237/449
f 912/72/450 1964/72/450 1963/70/450
f 301/109/451 1353/109/451 1352/251/451
f 936/82/452 1988/82/452 1987/84/452
f 18/72/450 1070/72/450 1069/70/450
f 918/83/349 1970/83/349 1969/81/349
f 571/206/82 1623/206/82 1622/204/82
f 309/252/453 1361/252/453 1360/250/453
f 42/82/452 1094/82/452 1093/84/452
f 934/85/350 1986/85/350 1985/87/350
f 926/95/351 1978/95/351 1977/96/351
f 269/270/455 1321/270/455 1320/274/455
f 920/88/456 1972/88/456 1971/86/456
f 998/416/99 2050/416/99 2049/3/99
f 587/213/87 1639/213/87 1638/182/87
f 244/3/565 1296/3/565 1343/271/565
f 928/93/459 1980/93/459 1979/94/459
f 26/88/456 1078/88/456 1077/86/456
f 603/215/90 1655/215/90 1654/217/90
f 34/93/459 1086/93/459 1085/94/459
f 997/3/3 2049/3/3 2077/418/3
f 1024/419/430 2076/419/430 2075/420/430
f 595/225/92 1647/225/92 1646/224/92
f 1032/217/431 2084/217/431 2083/427/431
f 1022/196/352 2074/196/352 2073/421/352
f 293/273/460 1345/273/460 1344/276/460
f 1030/109/354 2082/109/354 2081/425/354
f 659/111/98 1711/111/98 1710/112/98
f 245/277/461 1297/277/461 1296/3/461
f 1016/426/558 2068/426/558 2067/429/558
f 106/108/2 1158/108/2 1157/101/2
f 1038/434/356 2090/434/356 2089/172/356
f 292/276/463 1344/276/463 1391/4/463
f 651/122/103 1703/122/103 1702/123/103
f 317/278/464 1369/278/464 1368/275/464
f 130/116/196 1182/116/196 1181/117/196
f 1014/433/566 2066/433/566 2065/435/566
f 763/131/110 1815/131/110 1814/130/110
f 333/297/465 1385/297/465 1384/299/465
f 1040/437/436 2092/437/436 2091/436/436
f 138/121/200 1190/121/200 1189/118/200
f 325/302/466 1377/302/466 1376/298/466
f 1048/445/438 2100/445/438 2099/141/438
f 242/135/204 1294/135/204 1293/134/204
f 1046/444/567 2098/444/567 2097/442/567
f 667/139/113 1719/139/113 1718/136/113
f 261/306/468 1313/306/468 1312/311/468
f 1008/101/568 2060/101/568 2059/149/568
f 234/138/206 1286/138/206 1285/137/206
f 1006/450/362 2058/450/362 2057/451/362
f 1000/449/59 2052/449/59 2051/455/59
f 226/147/209 1278/147/209 1277/148/209
f 7/7/59 1059/7/59 1058/8/59
f 755/143/118 1807/143/118 1806/144/118
f 253/314/470 1305/314/470 1304/312/470
f 73/13/279 1125/13/279 1124/14/279
f 71/15/168 1123/15/168 1122/16/168
f 747/152/120 1799/152/120 1798/154/120
f 81/25/280 1133/25/280 1132/23/280
f 79/22/170 1131/22/170 1130/21/170
f 341/2/3 1393/2/3 1392/3/3
f 146/156/287 1198/156/287 1197/153/287
f 87/33/173 1139/33/173 1138/31/173
f 340/3/59 1392/3/59 1399/4/59
f 65/28/282 1117/28/282 1116/32/282
f 218/158/219 1270/158/219 1269/160/219
f 63/35/471 1115/35/471 1114/38/471
f 739/165/130 1791/165/130 1790/166/130
f 349/112/3 1401/112/3 1400/3/3
f 675/167/131 1727/167/131 1726/164/131
f 348/3/59 1400/3/59 1411/4/59
f 89/36/286 1141/36/286 1140/34/286
f 210/172/223 1262/172/223 1261/174/223
f 95/46/472 1147/46/472 1146/44/472
f 357/154/3 1409/154/3 1408/172/3
f 97/49/288 1149/49/288 1148/48/288
f 154/175/226 1206/175/226 1205/173/226
f 55/57/181 1107/57/181 1106/58/181
f 373/320/473 1425/320/473 1424/321/473
f 683/181/136 1735/181/136 1734/179/136
f 57/50/292 1109/50/292 1108/53/292
f 162/193/9 1214/193/9 1213/191/9
f 365/330/474 1417/330/474 1416/331/474
f 15/68/186 1067/68/186 1066/65/186
f 707/183/140 1759/183/140 1758/184/140
f 453/343/475 1505/343/475 1504/342/475
f 178/192/12 1230/192/12 1229/196/12
f 47/71/189 1099/71/189 1098/74/189
f 731/185/525 1783/185/525 1782/189/525
f 445/348/476 1497/348/476 1496/350/476
f 49/63/477 1101/63/477 1100/66/477
f 17/70/478 1069/70/478 1068/69/478
f 170/211/18 1222/211/18 1221/208/18
f 23/81/48 1075/81/48 1074/79/48
f 691/202/278 1743/202/278 1742/199/278
f 202/210/21 1254/210/21 1253/212/21
f 39/87/479 1091/87/479 1090/89/479
f 381/359/480 1433/359/480 1432/356/480
f 31/96/195 1083/96/195 1082/97/195
f 699/203/153 1751/203/153 1750/205/153
f 437/360/481 1489/360/481 1488/362/481
f 41/84/482 1093/84/482 1092/85/482
f 186/216/27 1238/216/27 1237/214/27
f 715/222/245 1767/222/245 1766/221/245
f 25/86/310 1077/86/310 1076/83/310
f 723/220/159 1775/220/159 1774/223/159
f 429/374/483 1481/374/483 1480/376/483
f 33/94/313 1085/94/313 1084/95/313
f 194/228/31 1246/228/31 1245/227/31
f 119/8/2 1171/8/2 1170/6/2
f 389/377/569 1441/377/569 1440/375/569
f 105/101/261 1157/101/261 1156/102/261
f 282/106/485 1334/106/485 1333/230/485
f 135/110/69 1187/110/69 1186/111/69
f 779/113/139 1831/113/139 1830/114/139
f 413/387/486 1465/387/486 1464/385/486
f 113/4/3 1165/4/3 1164/105/3
f 306/245/487 1358/245/487 1357/244/487
f 421/399/488 1473/399/488 1472/398/488
f 121/4/2 1173/4/2 1172/7/2
f 127/120/74 1179/120/74 1178/122/74
f 405/404/489 1457/404/489 1456/405/489
f 137/118/274 1189/118/274 1188/115/274
f 274/240/490 1326/240/490 1325/248/490
f 239/132/76 1291/132/76 1290/131/76
f 771/125/144 1823/125/144 1822/126/144
f 787/127/147 1839/127/147 1838/124/147
f 397/415/491 1449/415/491 1448/414/491
f 129/117/275 1181/117/275 1180/119/275
f 143/142/81 1195/142/81 1194/139/81
f 241/134/276 1293/134/276 1292/133/276
f 298/257/492 1350/257/492 1349/259/492
f 883/129/149 1935/129/149 1934/128/149
f 233/137/277 1285/137/277 1284/141/277
f 231/140/83 1283/140/83 1282/143/83
f 875/145/152 1927/145/152 1926/146/152
f 223/151/85 1275/151/85 1274/152/85
f 867/155/570 1919/155/570 1918/157/570
f 461/108/2 1513/108/2 1512/101/2
f 290/265/493 1342/265/493 1341/261/493
f 215/163/88 1267/163/88 1266/165/88
f 225/148/281 1277/148/281 1276/150/281
f 314/268/494 1366/268/494 1365/266/494
f 493/421/199 1545/421/199 1544/422/199
f 338/280/495 1390/280/495 1389/284/495
f 501/425/201 1553/425/201 1552/424/201
f 151/169/94 1203/169/94 1202/167/94
f 795/162/162 1847/162/162 1846/159/162
f 509/172/496 1561/172/496 1560/432/496
f 145/153/283 1197/153/283 1196/149/283
f 266/282/497 1318/282/497 1317/286/497
f 859/168/164 1911/168/164 1910/170/164
f 217/160/284 1269/160/284 1268/161/284
f 183/182/99 1235/182/99 1234/183/99
f 485/435/498 1537/435/498 1536/176/498
f 322/293/499 1374/293/499 1373/291/499
f 207/180/105 1259/180/105 1258/185/105
f 803/178/169 1855/178/169 1854/176/169
f 517/442/500 1569/442/500 1568/441/500
f 153/173/290 1205/173/290 1204/171/290
f 159/186/501 1211/186/501 1210/181/501
f 477/451/215 1529/451/215 1528/452/215
f 209/174/293 1261/174/293 1260/177/293
f 827/187/174 1879/187/174 1878/190/174
f 250/301/503 1302/301/503 1301/295/503
f 533/116/196 1585/116/196 1584/117/196
f 330/305/504 1382/305/504 1381/309/504
f 175/200/114 1227/200/114 1226/203/114
f 161/191/298 1213/191/298 1212/188/298
f 258/315/505 1310/315/505 1309/317/505
f 167/204/115 1219/204/115 1218/202/115
f 811/197/178 1863/197/178 1862/194/178
f 541/121/200 1593/121/200 1592/118/200
f 346/7/59 1398/7/59 1397/8/59
f 199/217/116 1251/217/116 1250/220/116
f 851/195/571 1903/195/571 1902/201/571
f 645/135/204 1697/135/204 1696/134/204
f 177/196/301 1229/196/301 1228/198/301
f 354/219/59 1406/219/59 1405/196/59
f 637/138/206 1689/138/206 1688/137/206
f 819/207/185 1871/207/185 1870/209/185
f 629/147/209 1681/147/209 1680/148/209
f 169/208/304 1221/208/304 1220/206/304
f 370/323/506 1422/323/506 1421/324/506
f 191/224/124 1243/224/124 1242/222/124
f 835/219/188 1887/219/188 1886/218/188
f 185/214/307 1237/214/307 1236/213/307
f 279/232/507 1331/232/507 1330/233/507
f 843/226/190 1895/226/190 1894/229/190
f 201/212/311 1253/212/311 1252/215/311
f 362/334/508 1414/334/508 1413/335/508
f 899/172/59 1951/172/59 1950/217/59
f 549/156/287 1601/156/287 1600/153/287
f 621/158/219 1673/158/219 1672/160/219
f 450/340/509 1502/340/509 1501/339/509
f 963/17/397 2015/17/397 2014/18/397
f 193/227/317 1245/227/317 1244/225/317
f 378/347/510 1430/347/510 1429/336/510
f 971/19/2 2023/19/2 2022/10/2
f 281/230/511 1333/230/511 1332/231/511
f 303/243/512 1355/243/512 1354/246/512
f 613/172/223 1665/172/223 1664/174/223
f 305/244/513 1357/244/513 1356/242/513
f 970/10/59 2022/10/59 2048/4/59
f 557/175/226 1609/175/226 1608/173/226
f 442/352/514 1494/352/514 1493/354/514
f 287/249/515 1339/249/515 1338/241/515
f 979/30/400 2031/30/400 2030/29/400
f 273/248/516 1325/248/516 1324/254/516
f 434/365/517 1486/365/517 1485/367/517
f 311/258/518 1363/258/518 1362/256/518
f 987/42/572 2039/42/572 2038/41/572
